UniqueId,Pathogen,Complete Genome,Partial Genome-1,Partial Genome-2,Partial Genome-3,Animal Infected,Threat Level,Found where
PF-001,Porcine Circovirus type 2,GGTCATAAGAGATGCGTTGACCCAATATGCAGGCCGGTTAGACCTTATGTCACAGATGGCCATTGAACGGTCTCTACTCGTAACAGACGAGTCGTCCCGGTTGAGATCAGTCAATCGCCCTGCGTAGTCTCGCTTTGCGTTCAGGAAGCATGGGACTATATAAGTCACTCATTAGCCCGAGAGAGGCGTGCGTTCTATGCCCCGAGTCGTTTTCACCTAATCAGATGTTCTGAGAGCTCAGCGCCGCATGCGGAAACAGGAAGTTGTACCCCATAATCTCCCACCAGCGAGGGAGTGGCTCGGGACTCAATACTAGTGATGAGACAACAAGCTTATGAAGTCAATATAGGTGGGAACATGGCCGGTTCGATGTAAACACTCTGGACCGGGTGCAGAATCACCCTAGAACGCGGGGGAACAAGTCTGGTACCCCGCTAATTGCATTACTTGCTGCAGAGCTAGAACTAGCACGGCGGCTTAGCATCTTATCATGTGTTTGAGGCTGTGCCCCGGAATAAAACCGGAGTAGCAGATTCTTCGACAGTAGCTCCGTAGCGAATTTCGCACCTGACAAATCGCTTTTCAAGGCATTATTAATAGTGTCTGTTATGGTGTTGCATTAGAATTGGCGTGACACCGACTTACCGGATGGCAGCGCCGTTATCAATCCGGTTTAGCTACGGGAGACCAGTTAATTTAAGAAGGAGCAGCGGGCGCACAGGTCCGGGACATAATCCCCCCAGACCTTGGTTCCTGGGTTTTGAGTGAGGTGATTACCACTTTGGGGGATACGTAGTATTCCTAGTCCCTGCGATTTGCCAGTAGCCATATCTTTACGTCTTTGGCGTCTCCCCGACGATATCGACCATGTGCGCGTCCCCTGTCTTGGCCTATCAAGAACCCCGGATCGTCACCAGTAGACGATCGAGGTCTAAACATCATAGCCCCCGTAGAGGGTCTCCAAGCCTACTTCGTCCCCCCGCAACTTGATCGTGCTTAG,CGGCGAGAGGCGAGTGTTCTATGCCCCGAGTCATCTCCACCTAATCAGATGTTCTGAGAGCACAGCGCCGCATGCCGAAACAGGAAGTTGTACCCCATAATGTCCCACCAGCGAGGGCATAGATCGGGACACAATAGTACTGATGAGACAACAAGCTTATGAAGTCAATATAGGTGGGAACATGGCCGGTTCGAAGTAAACACTCTGGACCCGGTGCAGAATGACCGTAGGACGCGGGGGAACAAGTCTGGGACCACGCTAATTGCATTACATGATGCAGAGCTAATACTAGCAGGGCGCCTGAGGATCTTATCAGATGTTTGAGGCTTTGCCCCGGAATAAAACCAGAGTAGCAAATTTTTCGACCGTAGTTCCGTCGGGAATTTCCCCCCTGGGAACTCGCTTTTCAAGGCATTAGTAATAGTGTCTGTTATGGTGTTGCATTAAAATTGGCGTGACACCGACCTACCGGATGGCAGCGCCGTTATCAATCCGGTTTA,ATGTTCAAATAAATAAGCGCCTCATTTCAAAACAAGAAGTTGTACCCCATAATCTCCCACCGGCCGGGGTGAGGTTCGGGGATCAATACTCGTCATAAGACGGGAAACTGACCAAGGGAAACAACGTGGTATACTCACCGTATCGCGGTTAACTCTATGGCATAGGTCCAGAAAGTACCTAGAATTCGATAGAAGTCGTGAGGAACCCCGATAATTCGATAACTTACCGCAGTGCGTGAACTATCACGGGAGCTTAGGGGCTTTTCAGCAGTTTGATGCTGAGGCCCGAAGGAATACCGGCGCGGCAGATTCTCCATAAGTAGCTCCGTAGCCAATTTCGCACCCGCCACTTCGCGTTTCAATTCGTTATCCATAGGCTGGGATTTGTTCATGCAGTAGAATTTTCGAGACACCGACATAGCCCATGGGAACGTGGTTATCAACCCTGTTGAACACGGGGAGCCAAGTTACTTTACGAATGAGCAACTGGCGCAGGGGTC,CAAATACCATCACAGCCCCGAAGCGGGCAACCCGATGTGCAAACAACTGAATAGCCTATGATCCTGTGAAGCACAAAGAAGATGGAGTGAAGGAAGTACGCAGGAAACTCTCGTAACCCGTGTTATAATGACACTCGAAACCACGTTTACCCGTACACGAACCCGCTACCGCTACTTCCTGCTGCCGTACCCGAACTGGTATCCGCTCTACCTATCGCATTTCAAATTAGAGGGGCAGAAGCGGATTTACAGAGGAGCAGTAGATGCGTCGGCGTTTTCGCGCTGGAGCAGGTCTCACCTAAAAAGGCAACGATAGATGTACGCTCCAGATTGGATGTTGACGTGTTACTGGGGGAGTACAGTAACGCCGAAGTAAATTAATACAAACTCGATATGAATCCAGTCTAATCACAGGACAACTCTCCAAGTAACTGGCCGCACTAGTCTTACATTCACGAATGATAACCCCCGGAGACACCCGGCATTTGGTGCTCGGTGTT,Pig,0,USA
PB-002,Infectious Bursal Disease Virus,GCTACATGGAATGAGTAGTTCTCCGGTAATTAATAGAGAATCTGTTGCATTGCGTTTAAATCGGCGAATTATTACGCAAACTGTGTCATCGAAGTAGCGATGACGGTTATGTGAAAGCGCGCATTTAGAGGAATAACGGGCGACCTAGGGAAGCGCACCGCAGGTTCTCCATCAGTAGAGGGCGTTCTGAATTAATGAACCAATCCGGCCATCATTGGTAGCACATTAAGGGTGGCGTGGAGGTGAATATCGAGTCGCCAATCGTGGGACCGATCCGGAAGATGGTCTTAATAAGCAGAACCCCTATGAGGTGTATTCGATCAAGTGCGGAGTGACGCCTAGGCTATGTAATAGGTCAGCCTGACATTAAGACCCGCATCATTGGAGTGTTCGCCGTAAAAGACCCTGAAGTCACTCCTTACTGTTAATACGTTCCTCCCATGGTTTGACCACGGTCCCAAACCCACCGGAGCAGTTAAATCCTCCCTTCTACCACCTCTTTAGTGGGGAGGAGGTACATGAAAGCCAATTGTACCTCTGTATTATACAGGTGCGGCGTCAGCTCAGCTCGCCAGACCCAGGCCCCTCTCATTATTTGAGGTTAATAGACAAATGCTGGGTTAGGAAGAAAGGGTGTCTTATCTCTTAAGCCGAGCTCAGGTATGATCAATTCTGTTCCTATCTTCTAGCTCCAGGTATGACGGTTCTTTTCTACCCATGAGGTACTTTTACAAAAAGATTGCGCCCTTCAGGCACAAGGTTCTCCAACTACGCAGAAGAACAGTAGGATGTATACACGGCTCAACCTCGATTCCAACGGAATTATCCATCATTCGAATAACTGGTATATGCGTGACCCTTCTATCTTAAACGTTGGAAACCTACATTAACGGCTAGAGACGCTACGAACCCGGCCCGTTTCTACAAAGACACGGCTTCCTTACGCTGTAAAACTGTTCCAAAACCTGAAACCAGCTTGCGCAGCTTAGTTGCGCACAGT,TATCCTCGAATTAGCGATGACGGTTATGTGAAAGCGCGCCTTTGCAGTAATAACGAGCGAGCTAGAGAAGTGCAAGCCAGTTTCTCCATCGGTAGAGGGCGTTCTGAACTAATGAACCAATCCGGCCATCATGGGTCGCAAATTAAGGGTGGCGTCGAGGTGAATATCGCGTCGCCAATCGTGGGACCGATCCGGAGGATGGACTTAACAATCAGAAGCCCTATGAGGTGTATTCGATGAAGTGCCGAGTGCCGCCTAGGCTGTGTGATTGGTCAGCCTGACATTAAGACCCGCATCATGGGAGTGTTCGCCGTAAAAGACCCTGAAGTCACTCGTTGCTGTTACTACGTTCCTCCCATGGTTTGACCACGGTCCCAACCCTACCGGAGAAGATAAATCCGCCCTTCTACCACCTCTTTAGGGGGGAGGAGGTACATGAAAGCCAAGTGTGACTCTGAAATACACAGGTGCGGCGTCAGCTCAGCTCGCCAGACCCAGTC,TAAACGTCTGTATGATAACGCAACACGTGTGATCAAACCAGCGTTTGCCGTTATTTAAAAGCGCGCATGGAGAGGAATATCGGACGAGCTAGGGAAGCGCCCTGCAGGTTGTGCATCATTCAATGCCGTCCAAAATAAATGAAGTAATCTGGCCATCATTGTAGGCACATGAAGCTAGGCGTGGCGGTCACGTTCTAGTCTCCAATCGGGGCGGCGATCCGCGACATGGAATTAAATAGCTAATCACAGATGAGGAGTGAACGGCCACGCGAGGAGTGACCAATAAATTCTTTAATAGGTCAGACCGAGATTAAAACCCGCATCCACCGAGTGCCCGACGTCATTAACCGTAATGTCACCGCTAACTGTTCAGACTTTCCCGCCAAGGTTAGAGCTCAGTCCGAAACCCAGCGGAGCAGGATAATGCTCACATAATTCACCACTCTCGCAGGGAAGAACAACATGAACGCCAATTATATCTCTGAATGGTACAGGAGTGG,TCGATGGGAATTCGGACTGTTTCCGCCAAACCAATGACAAGAGTTTAATTAGAGCGCTATTAGCGCTTTAGAGCACAGACGTAGCGGGCCAGCTCTCATATGCTAACCCAGTGTGCACACTGTATTGGCGCTTGAGGCTCACTGGATGTGCGCCAATGCTATGCGGGCGTATCTCTTGAACAGAGGTGTTACCTGACCAGATGTCGTTCAATTTTATATCTACGGCTCAGCGAATTTTCGACTACTAATGAGCCAGTGGGACAATATAAGTTCGTCCGGTAATAGCAATTTTCTGGAGCAACGCAAAAGCAAAGTATGACGGAGACGAAACGCTTCTTCGACGGCAGCTATATTTCGCACTGTTCGACAAAATAACACATCCGTGGGCTGGACATCCGCAACTAGCGGTGCTATCACATTCCGACAGTGAGTCGATTAAGAATGCCTACTGCTAGAAAAACATCTTTTACGTCAGATGAAAAACTGTACCAACCCCCCAA,Chicken,0,USA
PF-003,Bovine Viral Diarrhea Virus,GGGATTGTGGAAGCGTGCCTTCAAAACTTCAAGATAAAGGATCCCAAGTTTGGCAGCCTGTACAATCTTGCCTGCAATTTTTTGCGCCACCGAGACCAAATTGGACAAGGAAACAGAACAGCATAAGAGTAATGCACTGATGCAGCCCTTGCACCTACATCCACTTGGCCTCGCGCCTGAATAAACATTAAAGTGATGCTAGATTGCTTTAACCAGCCTGACGCCCTCCGGAAGTCATATTCAGAATATACCGTCTCAAGACAGTTCCGTAGGGTTACCATAGCAAATTCGTGACAGTACTTTACTGCGAGGGTGTGCGTGTGCGGGGTGCGCAGTAACGCAGACAGTTCGAATAGGGGGTCAAAACTAATCATCAGAGCTTGGAAACGCCAGTCGGTTAAGATGCTCACGTGGCGCCCTCGGCCGGCCTAATGTCCGATGGCTGCAGTAATGGGGTCGACGCGAATATGAGCAGTGTCGTGTGACCTTAGTTCAGTTTGCACCACCATGCCCTCATAAGGCAGGCATGTTATACCTGTGCCCATGCCCTCTCTACTCCTCCATGAAGTCCCGGAAGGAAGCTCATCCCCGCAGCCGTCACCTTCGGGGCATGAGCTCCCGGTGGCTAAAAAACAGATGAACGAGGCGAAGGCAACGATGTACCTAATTGTTTGTTGGTAAACAATGGAATTAATCACACTAAAGCATGCGCTTTAGCGACCCGTTCGTGGTCGCGGAGGGCGTTAATGGTTGGATTGGCCTCCGGCGGTCACAATGGTGCGACAGCACGGACACCACGAAGAGCGCGCCCTATCAAGAGCATCTCTCGGTCGGCAGACCTTTGGGAGGGCTGGTCCCATGAGTGGGAACGCGAGTATACGTAGCAACACCAGAAGAATCTGATTCTACGCCACGGAGATGGAACTCCTACCAGAAAAAAGATTCCGGAGTTTTTGGCCACCAACACAGTCGCGTCCCGAGCGAGAGTCCAATGCGCCCC,GATTGTGGAAGCGTGCATTCAAAACTACCAGATAAAGGATCCCAAGTTTGGCAGCATGAACAATCATGCCTGCAATTTTTTGCGCCACCGTGACCAAATTGGACAAGGAAACAGATCAGCATAAGAGGAATGCACTGATGCAGCCCTTGCACCTACATCCACGTGGCCTCGCGTCTGAATAAACATTAAAGTGATGCTAGATTGGTTTAACCAGCCTGACGACCTCTTGAAGTCATATTCACAATATATCGTCTCAAGACAGTCTAGAAGGGTTTTCATTGCAAATTGGTGACAGCACCGTAATGGGAGGGTGTGCGTGTACGGGGTGCGCCGTAACGCAAACTGTTCGAACAGTAGGTCAAAACTAATCATAAGAGCTTGGAAACGCCAGTCGTTTAAGCTGCTCACGTAGCGCCCTCGGCCGGCCTAATGTCCGATGGATGCAGTTATGGTGTCGACTCGAATATGAGCAGTTTCGTGTGCCCTTAGTTACGTTTACA,GTTCGTAGATCGCTATAACAAACGTGAGGCCCCCCGTAACTCATATTCAGAAATTACGTTCGACATCCAGTTTCGAAAGGTAACTATCGCAAATTCATTCCAGTACGTTCCTGTTATGGGGTGCGTGTGCGGGGGACGCCTTAGCGGAGACGGGTCAAAAAGGGAGTCAAAACTCATAATCTAAGATGTGAGAGTTCAGACTGTCCGGATGCACGGTCGGCGCGGTCCACAGGCCCAATGTCCAGTGGATGCCAAAAAGGGGTCGCCGCGAATATGAGCAGTGTACGGCGAACTCAGTGCAGTTTGGGACAACATGCACCCACAGGGCACTGATTCTATTTCTGTGCGCGTGTCTCCTCCAACCCTCCCCGAACTCGCGTAAGAGTGCTCATCTCCGTAGTCATCCTCTTCAGGGCCTGATCTCTCGGTGGGTACATAACAGAGGAATCGGGCGAAGTCAATGATTTTCCATGTTGATTCTTGTTGAAGAAGGGAATTAA,AATAATTGCTTTTGAGGGGCGAATCGGACGTAGCACCTTTCTTCCGTCTAGCGCTTCTTAGCAGTAGGCTTAGGACAGATGCGAAGTGGAGCGATGCTCTCAGATGCCCGCAAGGGTTGTACCTATGTAACGTCATAAGCATGGCCGCTTGCATAGGTTACCTCGGCCTCACTCATCCTGAATTATTCACGGGAAGTAGGCCCAGCGCCGCAAGCCGCAAGTCGGTGGTATCCGGTCAAGGGGACTATAGCTCGGGGCTTTGACGTGATGCCGATGACGGTGATCCTTTTATCTGATTCCATAACTGCACCACTCAGGCAAAGGTTGTCCCTTTAGCAATTCGTTCATTTACGCGGCAGTGCACAGTGATTGTTTTGGTCCACGGCACTCGGAGGGGCACTCCTACATGAAGACCGCACCAAGTCTTTCCTATTAGGTGCAACTTTCAGACCTTATCCAATTGTCAGGTGCGGTCCCTTAAATTGCATCCAATCCAAGCA,Cattle,0,Germany
PB-004,Canine Parvovirus,CCTGGAGGTGGGACCCTCCATAGTGTGAGAAGACACGTCGTGATCCAACAATTCCTCGACCACCATTCCTTCAGGGTGCTTTTAGTCACGTTACCGTTTCACTGCCTATCGCAGGGTTAGACGGCATGTCCTTAAGCGTAGCCAGTCCGCTCAGACAAGTTACGTATAGGTTCGTAAGCCGGGTCCCGTCAGCTAACTTGAGAACGTGTCACGGTAACCCCCGCCATTTACCCTCGACAAAGGTTCCGGTGTTGATTAATGCACCACGATTGCACACCTAGAACTTATTTAGGTAATAACATGTGGATCAATGAAACACGTCGCTCAACTAGTCAGATATTCACATTATTGGGAACCATCGGTTAAGGCGCCAGGTGCCGATACTCACGTCATGCACCCCGATACTCTAGCACCAACCGCACTAGCCTCACAATTTGGGCTTGCTGGCTAACGCTTACTATCGTTGCACCCTGCGTATTCTTTCGTCAATATTTACCTTCAGTCGCCATGTCTTGTAATGAATCTTTCGGTGGATACGAACACACGTGCGCATCTAGACCCCAGCTGCCTATCAGACCATCTTCAAAGTATGTCACAGTAGGCCCACTTTCACCCGCCAACTGATACGACATGTAGTCTGTGTCTTACAGACAATTGGAGATCTAGTGATGAACATCGTGTTCGCCAGCATATATGAGACGCAGTTTGGGCCAGTGGGTCTCATCCTTCTCAAGTTTATGCTAGCGGGTATAACGCAACGAAGATTTCAGCTAAGTAGGATATGGCGCACAGTCGCGTTAAACACCTGATCCGTCACTAACAAGCCTATCACGACGACAAGTGCTGCACGGCCGTTCCCGGAGCAGCTGGTGGCCCCACGGTTCGTCTTAAATTAATACGAGATAGCTCCTTTACCGAGTGGTCCACGCTGCAAGACGGCTGCACCTTGTGGCGTCCACATGGTACTCTCCTGCGGAAGAGGCTGGAAAATGCTTAAGAA,TCTCACTGCCTATCGGAGGGTTAGACTGCATGTCGGTAAGGGTAGACAGTCCGCTCAGACAAGTTACGTATAGGTTCGTAAGCCGGGTCCCGTCAGCTAACTTGAGAACGTGTCACGGTAACCACCGCCCTGTACCCTCGACAAAGGTTCCAGTGATGATGTATCCACCACGATTGCAGACCTAGAACGTACTTAGGTAATAACATGTGGATCGATGAAACACATCGCTCAACTAGTCCGATATTCACATTAGTGCGAACCCTCGGTTAAGGAGCCAGGTGCCGATCCTCACGTCAAGTTCCCCGATACTCTAGCGCCAACAGCACTAGCCTTACGATTTGGGCTTGGTGGCTAACGCATACTATCGTTGCCCTCTGCGTATTCTGTCTTCAATCTTAACCTTCAGTTCCCATGTTCTGTAATGAATCATTCGGTGGATACCAACACACGTGCGCATCTAGATCCCAGCTGCATATCAGACCATCGTCAAAGTATGTCAC,AAAGGTCCTTATGGTGATAAATGTCCCAGGAGTGCCTACATATATCATATTTAGCTGATAACATGTGTACCAGTGGAACCCGTCGCGTAACTTGTCAGGTATTCAGATTATTGGGACCCATCGGTTAAGGAGCCAGGTGCCGTTACTTCAGTCGCTTACCCCGTTACTCGACTACCAGCCGCACTAGGGTCGCACTTTTCGCATGTTGGCTAACGCTCAGAATCTATGCATCACGCGCATGCTTTCGTGAACATTCATTTTCATTCGCGATATCCTGGTAGGAATCTATCTGGCGTTGCGTCCGAAGTTGCGTATCTGGGCCCCAGACGTCGGATTTGCCACCTTCTAAGTTTGTCGAGGTAGGACCATGGTCTCCCCCCTACTGATACCACATGCGGTCTGATTTTTCCGTCTAAATAGACGTCGTGTCATAAACCTCTTGTGCGCCAGACTTTCTCACACGCAATCTCGGACAATGGGTCTAATCCGTGCCAAGGTGA,CCTTTTCGATCATTCAAACCGCCCGGTCAAATCCGCTGTGGCTTTTCACCCCTTTCCGCAAGTTTCGGAGTCAATCGTGTAACGTTCCCGGCTAATCTTAGGGTGGTTCTAATCCTGATGGTGAGTGATGTTCCTTGCGTCCGCTTGTTGTCGTGCTACGGCGTGCCCCCCGCTATCCGCTGGATACTCGAGGCGGTGCGCGTTGTTCCTCATTCGTTTCACAACGCCGTGCTAATAGCGGACTAAAATGCGAATCAAGGAAGCAGGAAGCTCAGCTTGGCATGTTCTTGCAAACTCTGGCTCCTTAGATTTATGACAATCGATTTGATACGGCTGTCCTTGCCTGCGCTTTTCGAGCAGCCGGCTTACCTGCCTCAAGCCTTGTGCCTACGGGGTTATGACTTGCGTCGTAGCACTCCCCGAAGTAAGTGGCCAACCGTGAGCTTCCCTCGTTGAGTCTTATGGTACATCTGTAGGATGAGAACAGAACAAGGCGGCAT,Dog,0,USA
PV-005,Equine Infectious Anemia Virus,AGGCGTGTCCAGGCGTGCGTCAAATACTTCTACATAAAGCATCGGAAGTCGCGCAACCTATCCCATCTTGCCTACCATCTTTTTCGCATCAGAGAAGCAAGTGGAGCCGGAAACAAAACAGTATACGAGGCATGATCGGTTGTTGCCCTTACACCTTCAACTACCTGGCCTCGCGCCGCAATAAACAGTAAAGAGATGCTCGTTATCTTCGGACTGCGGGAAGTCCCTTGGATATTGTATTAAGGAAATTCCGAGTCAAGATTGTACACTGACCTCACCAAAGCAAATTCGAAACATTCCTTGCATGCCAGGGATTGCGTACTCGATGTGCACCTGTACGCAGACCGTTCGGATAGATAGACTAAGCTAAACATCGAACCGTGGAAATGCCGTTATACTATGATGCGCACAAGGCGGCATCGGCCGGACTAATTTCGGAGGCTATCACTTATGCGGACGATGCGAGTGGGAGCAGGGAAGTACCACCCTAACTCACTTGGCACGTCCTTGACCTTTTACATCAGGCAGGTTACTCCTGAGCCCATGCCATCTTTACTCATGCATGGACTCGCGGAAGAATGCTAGTCTCCGCAGTACTCCCTATCGGGCAATGAGGTCACGGTGGCCATAAAAGACATTAAGGCCGTGAAAACAGCGCTGCATATAATAGTCTGGTCGTACACAATGGACGTAATCCCACTAAACCATACTGTTTAGTGATCCATGGGTGGTTGGCGCTGTCGGTTTTGGAAGTTATTGTCTACGGTCGACAATACAGTGCCACAACAAGGACGTTTGGCATTACGCGCGAAGTGAATGGCATCTCTCGGTCCGTAGACTCCTGAAAGGGTTGGTGCAATGAGGGATTAGGCCTCAGTAGGTACCATTAGGACACGAATGCTATTGTACGCAATCGGGTTGGAACACATATTAACCAAATAAATGTAGAGCGGGAGGTCTCCAACTGAGTTCAGTCACGAGCGATAAACCATTGAGCCCC,CATCGGCCGGACTGATTTCGGAGGCTATCACTGAGGCGGACGATGAAAGTGGGAGCAGGCAAATACGACCCTAACTCACTTGGCACGTCCTTGTCTTTTTACATCAGGCAGGTTAATCCTGAGCCCATGCCAGCTTTCCGCACGCTTGGACTCGCGGAAGAACGCTAGTATCCTCAGTACTCCCTAACGGGCAATGAGGTCACGGTGGCCATAAAAGACGTTAAGGCCTTGAAAACCGCGCTGCCTATGATAGTTTGGTCGTACACAAACGACGTAATCCCACTAACCCGTGCTGATTAGAGATCCATGCGTGGTTGGCGTTGTCGGTTTTGTAAGTTATGGTCTACGGGCGACTAGACAGTGCGACAACAAGGCCGTTTGGCATTAAGCGCGAAGTGAATTGCATATCTCGGACCGTAGACTCCTGAAAGGGTTGGTGCAGTGAGGGATTAGGCCTCAGTAGGTACCATTAGGACACGAATGCTATTTTACTCAATCAG,GGTCATCAAGCACCGGACGCCGACCAACCTATCCAGGCTTGCCTCTCAACCAGGTCGCTTCAGCGTAGAACGAGGATCCAGCAACTTCGGTATACACGAGGCAAGATCGGTTGTTGCCGTGACACCGTAGAGAAACTGGCCTCGGATCGACAGTTACTATAAAGAGATGCCGGTTGCGGTCGGACTGATGGAAGTCCCATAGATAATGTATGACGGATAGTTCGAGACAACATTATACACTGAAGAGAACACCCGAATCTCTAAAAAGTACTTGCATGGCAGGGTTTCCGTACTCGATGCGCACCTTTGTGCCGACGGTCCGGATAGATCGCGTTCCCTACACATCAACTTATAGAAATGCGGTTAAACGAAGATGGGAACAACCCTGTATCGGCATGACTCCTGAGCGAGGCAAACACTTCTGCGGCCTTAGCGACTCGGAGAAGGGAAGTACCCCCCAAACTCCCTCGGCTCGTCCTTGACCTTGTCCGACAGACAGG,CTACAGGGAGATGGCCATTCACCTACAGACACCTAGTCTAGGCCCCCCATCACCGTCAAATCGTTGTGCGTAACGTCGCGTGCGCTGTAAGACCCTTGCACGAGCTGCTAAGGTGGTTCGCCGTATAGTTTCGATACTGAGCAGTCAAGAATTAAGTGGTGGTACTTCATGCAGTTCAGGGCTGGCCTCATCGCATTACACTCTTATGAGGAACGATCCGACAGATAGATACATCAGCACACCTCACTGCGCACCTGTGGCTCAACTACAGTATTCTCAATTCGGCTCCGGTCGCACTAATGGTTGCGGAGATGCAGTAACCTATAGGAGGCCGCAGGTTGTATGAGTTAAACCACAAATTGGATGCGCACTTGCTACTGAATTTTAAGCCCTGAGGCGCCGTCCTCCCTCATGTGATCTATATTCAAGCATGGTCACGGGACACAAAGGCCATCTCAGTGGATTCCCGCCGTGGCCTACCTAGAAACAGGAGTGGATGG,Horse,0,USA
PF-006,Duck Viral Enteritis Virus,GACGATCAAAATTTGTTTCAATAGTGCACCGAGCTGCCGCAGATTCAGTCTCTCACGAGGCGCCAATCTAAAAAGCTACGTCAGGCCAGGTGCTGGATAGAGATCGTAGCCATAAACAGCAACCTCGAATAACCTATGGCACGGCCAGAGTAGGAGTTTGAGGGAAACCTACATCGCCGGACCTAGGCTAGCTCGAACGCATGAGAGATTCGGAACCACAAAGGGGCGCGGCACTTGCTACATTGATGAGGTGGCCCTCGTATACGCAGCGCAAGGGCCTATCGATGGTGTACGGCGTTCTCGTTACTTAACCGACGTTGGCTCTCATCACAGCATGACCATACAGAAACCATGTGGCATGCCAGTATGTGGCGCGCAGCTGAGACTTCCACGACGCTTTTTTCCCAAGGGCTGCCGGCCACTGGTGCCCCCTCACGCCGTAGCGATTGCGCCCCGCCTAAACGGTTGCGTACTCAGCCCCCGGGATCGTAGTTGGTCCAAAGATAACAGCTTAAGAGCAATTAACAGCTCTTGCTGAGTGCAAGATCGAGTGTAGTCGGATGTTACCAAAACAACGGAACTCCGGTTCGACAGATAAATTTATATCCTCCCATTCCGTCAGTTGCCTTTATTAAGCGCTTTATCAAGTAATGAGCGTGTACTAGAAGCTCTTACGATTAAATGAATCAATTATATCGCATTCTAAACGTATCCCCGCAAGGCGCTGGTCGAGTTGGCTTGTCGGAGCTGGTGCAAGCAATAAGGCAGTTGCTTTATGGCGTCTGCAGTCTGTCAGGTGCATGCATCGAGGACGGGATCCTTATAGAAAGGGTATAAGGCAGATGTTCACATTAATCCAGGAATTAGAATTTACCTAATGATACGCGTATCCGTACCAACATCGTCAAAGTATGTTGCATCCGTCACTTGTGCAGGAAATTGGGTGACCCGTTAGATCAAGTGATGGTTCCCGTGGGCTGTTTAGACTAGTCTTGGAGCA,GAATAACCTCTGGCACGGCCAGAGTAGGCGTTAGAGGGAAACTTACATCGCCGGATCTAGGTTAGCTCGAACACATGAGAGATTAGGAACCCCAAAGGGGCGCCACACTGGCTACATTGATGTGGTGGCCCTAGTATACATAGCGCAAGGGCCTTTAGATGGTGTACGTGGTTTTCGTTACTTAACCGACGTTGGCACTCATCACAGCATGACCATACAGAAACCATGTGGCATGCCAGTATGTGGCACGCATCTGAGACTTCCACGACCCTTTGTTCCCGAGGTCTGCCGGCCACTCGTGCCCCCTGACGCCGTAGCTATTGCGCCCCGCCTAAACGGTTACGTACTCAGCCCCCGTGATCGTAGTTGGTCCAAAGATAAAAGCTTAAGAGCAATTAACAGCTGGTGCTTAGAACTAGAAAGAGAGTAGTCGGATGTTACTAAAACAACGGAACTCCGGTTCGACAGTTACATGTATATCCTCACATTCCGTCAGTGAC,ACGTTTCTAACGATGATCCAATCTTAATCGTTACGAGAGGGCAGCACCTTGAGGGAGATCGTAGCAATTAAGAGCAACCTAGATTGAGTAACTTCCCAGCCAGTGTAGGAGTCTGCGGTAAACCTAGATCGCCCGAGTTAAGTTGATCCCAAGGCATGAGCTATTCGGAACCACCCAGTTGCGAGACCCTCGATACATTGACAAGATGGCCCTAGTATACAGAGCTTAAGGGTGTATCGATCGTGTACCTCGCTACGGCAACTTTGCCGACGTTGGCTCCCATGACCGCATCGCAATGCAGAAATCAATCGGGATTCCCGTATGGATCGCGCACATGAGACTTCCACCAAGCTTTTTTGGCACAGTCAGCCGGTCACTTGTGGCCCCTCATGCTGTGATGATTGTACGCCGCGCCAACGGTTGCGTATTGACCCCCCGGCACAGTATCTGGTACTAACAGGGCTGTTTGAGTGCTATAAACGCATCTGCCTCAGTGCTAG,ACGGAGACGCGTGGATTAGAGCCCGTACGCGGCCCGTACTTGACACGTCCAATAGTCTCTCCAGCTCAGGGATGCCGCCCCCTGGGGCTCCCTCACGGACTAACAGTCCTCCCCCTGGGAGGCAGTTGGGTTCGCATATGCACGTTAGGGAGTTGGTGCATAACTAAGTGCTTAAAAATCGTAAACATCGGTCTAATGATTCACTAGGCGGTTTAGTCCTATTTTTTTGGATTCGACGAATCGAGGCTCAGCAGAGTGATCAATCACGATCGTTTCAGATGTAAGTTTCTTTTTAGACTCTATTTGAGGGATGTCCGAGTGCCATACAGCTTGGAAGGTCATTGATTCAAATATATCTCAGTGTATGCGAAATAACCAAATAAGGGCTGCCCTCTGGCTAATACGTCTCGGTTCTAATCGGAATTCAATTGCGTATTCACGAGTACTTGCTAGCATGCGTATACCTCGAAGGGAGGACGCTTACAGATGGAGGTTTAGGT,Duck,0,China
PF-007,Feline Immunodeficiency Virus,AACCTGGGGATTACCATCTGATTTCATATTCCACGGGGTATCCAGAGTTGTAACAGCTGACAGCCCACGGGATGATACCACCAATTGCTTCAAACGGTCTTACTGATGTCCCGATCCGAGGCTTTGGCATCGCTCTTATATCCTAATCAAAGCTTTTGCTACGGTGCCCTTCTGGCATCGAGCGCGACAATCAACTCGCCATGGTGACGTAATAACAAGAACGCGCTTCGTATGACGGTATAAAGCTTACTTATCGCACCCAATTGTCCCTCACTTGTACTTAAACATATAGTCCCCTCGTGTCGAAACAAACTCAGTGACGTTTCACTGTACTCACCGCAAAAGAACCCGCTGACGGTCACATACAACAGCAATGCAGAGTTTGCCTACTCGCAAGATACAAAACGGTCTCAAACGTGTCTCCCAGTTATTGCCGCTACATTCCGTAGACGAGGGGCCTATACAGTTTAATCCCGAAGTGAGTACATTATTCCGCCGGAGAGGCTATCCACACCTGTAACCTCGCCACTACGCTTATCAACCTGCTTCATGGCTGACTATGCACAAACGGGACAGTGCGTTTGAGGCTGAAAGTGCGGTTGATCTGCGCGGAGAACTGTCTATACTGCTGACAATATAAACGGATCCGCATGTGAGTTTCATTGTACGGCTTAACCCAACTTGAATATGAATTACGGATGGGGGCGTGCAACCGTCCGGAGTACGTGTGGGGCAGCTAGCTTGCAGTTTCATATCTGACGTTTGAGGGGGTCCACCTAACGCGTCTTTCCAAGGTGGCGACACCGTTGACTAACCTTTACCTGACCGATTCCCACGAACGCAGACGGACTTCTCCTAAAACATGTCGCAACTGGACTGCCGGCAGGGTACGGTTGATACTATCCTCCCTGACCCGCTATCGTTCACTGATTGCCAGAATGTGTTGCGATTCCCTCGATATATGACCAACCACGATGGCTAGTTGATCTTCATTCCTTGT,ATTCCTCCGATGAGGCTATCCACAGCTGTAACCTCGCCACTACGCTTATCAACGTGTTTCATGGCTGACTATGCACAAACGGGACACTGGATCGGAGGCTGAAAGTTCGGCTGATATGCGAGGAGAACCGTCTGTACTGCTGATAATATAAACGGATCCGCATGTGAGTTTCATTGTACGGCTTTACCCAACTTGAATATGAATTACGGATGGGGGCGAACAACCGTCCGCAGTACGTCTGGGGTAGCTAGCTTGCAGTGTCATATCTAACCTTTGATGGGGTCCACCTAACGCGTCTTTCCAAGGTGCCGACCCCGTTGACTAACCTTTACCTGTCGGATTCCCACGAACGCAGACGGACTTCTCTTAAAACCTGTCCCAACTGGACTGCCCGCAGGGTACGGTTGACACAATCCCCCGTTACCCGCTATCGTTCACTGATTTCCAGAATGTATTGCGATAAACCGGATATATGACCAACCACGATGTCTAGATGATCT,CTCTATCTTGGTGGCGCTACCGTCAGACGACCAATAGCCAATACAGATTCATGTCGGTCGGAGGGCATGATTTCGGCGGACATGATTTCATCGCGTGTAATCTGACCAGGACGCTTATGTACATGATTCACGGCTTACCTAGCGCATCCCGGGCAGTGCGTTTGAGGCTGGACGTGCGAGTCATATGCGAGGTGTACAATGTATACTGCTGATAATTTTCTGTTATCCGCATGCACGTTTCACTGTACGGCTTAACTCCACTAGAAAAGGCATTAGGGCTGGGGGTGAGCAGCCGACCGGAGTGCGTGCGGGGCGGCTAGCATGTAGTCTCATATCGGACGTTTCAGGGGTTCCACCTAGAGAGACATCGCAAAGTCTCGACACCCTTATCGGACATTTACCTGATAAATTTACACGTACGATGACGAGCTTCATCGACCTCGTATGACAACTGGATTCCCGCCAGTATAGGGTTGGTAATAACCTCCCCTACCCGCTCT,CGATCGGAAGTGCACTACCGATTTCATAAGTCGGACTCTCTGATGTTCAGCTACAGTGGGTTGGTGAGGTATGGCTCCCTAAACGATAGTCCAGGTTACGGGTCACATGTCACTTCTGTCGGCACAGTTAATGCCCTATGAAGACGTTATATGTACAAATTGACTTGTATCTTGGTATAATGCTTAAATGTCTCGAACCATATACTTAGGTTCGTGCTGTTAACTGTTCCTCGCCGGAGTCGACCGACCTACAGGCAGATTGCACCATCTTCCAAGCCACCGAACGAGCAGAGTTACGAACAGGATTACGATCTACGAAGAAGCTACTGCAAGGTTACACAATGCGCTATAACATACACCCCAGCTATTCGTGTTACGTAAAGCAGATGAGGAATCTTGCACGGGTAGCCCCCACGGCTTTCTATGCAACCTAATTATGTGCTGGCGAAAGGGGAGGTCTCGCCACTACTCCGGTCAATCCCATTCATGTTTTATTTTGC,Cat,0,USA
PV-008,Canine Distemper Virus,GTGACGTTGGACGAAGAGACCACCGGACAGTAGGTGAGATGCTAATGCATGGCGTAGAAGTCTGTGAATAATTACGGAACATGTGTCCTCGAAGAAGCGATTACCGTCATGTGACATCGCGCCTTTATCGCGATAGCGGGCACCCATAGGAATCGCGGCGCCTTTGCTCCATCATTAAACGAAAATCTGAGTTAATGAATTAAGCCGGCGCTCGGTCGTACCACATCAATGGTCACGTGGAGGTGAATATAATGGCATCACTCATGGGACCGTACCTAATGTTGGTTAAAATAAGCAGAACGTGTCTGATGTGCGTACGTTCAGGTGCGGATTGCCCTCTAGGATCTGTAATTGGCAAGCATTACATTAAGAGCAGCATGATCACAGCAGTCGCAGTAACAGGCCCTAAAGACACTTCTTCCAATTTATACGTTCCTCCCGTAGTTTGGCTACCGTCTCAAACCGGTCCCAGCAGAGAACGCCTCCCTTCTACCTCTTTTTTAAGGGGGTCGCGGCACATCACAGCCATTTGTACCCCTATAGTCTACATGTCCGGCGTTAACTCCACTCGCCAGACCGAGGGCCCTTTCGTCACTTTATGGTTATCCCCAATTGCTGCTTTTGGCGAAAAGGGTTCCAAAGCCATTAAGACGAGGTCCAGTATGATCAATTATGTTCCTATCTTCCGGCCCAACCGGTGATGGTTCTTATCTACCCACGATATAGTTTTTCGACACGCCTGCGCTCTTCGGGTACATGGTTCGCCATCTAGACGTGAAAAAATTAGGCGGTCTGCACGGCTCTGGGTCGATCCCATCGGAATTGTTCATCATGCAAATAAGGCGCAAATGCGTGTTCGTTATTTCTGAGGCGTTGAAAACCTAAGTTAAAGGGTGGAGAGGCTCAGAACCCGACCCATTGTTACGAAGTCATGGCTCTCTTATGCTCTAATACTGTCCCGAAGCTAGGCACACGCTTCCGCTGCTTAGATATACACAGT,CCCAGCAGAGAACGCCTCCCTTCTACGTCTTTTTTATGGGGGTCGCGACACATCATAGCAATTTGTATCCCTATGGTCTGCAGGTCCGGCGTTAACTCCACTCGGCAGCCCGAGGGCGCTTTCGTCACTTTATGGTTATCACCAATTGCTTCTTATGGCGAAAAGGGTGCGAAAGCCATTAAGACGAGGTCCAGTATGATGAATTATGTTCCTATCTTCCGCCCCACCCGGTGATGGTTCTTATCTACCCACGACATAGTTTTTCGACACGCCTGCAGTATTCTGTTACATGATTCGCCATCTAGACGTGAAAAAATTAGCCGGTTTGCACCGCTCTGGGGCGGTCCCATCGGAAATCTTCATCGCGCATATACGGCGCGAATGCGTGTTCGTTATTACTGAGGCCTTGAAAACCTAAGTTAATGGGTGGAGAGGCTCAGGAGCTGACCCATTGTTACGAAGTCATGGCTCCCTTAGGCCCTATGACTGTCCCGAAGCTA,TTAATTCGTGCATTGATAAGTAGAGCGGGCTCCGAGAGCATTTCCGCGGCCTTTCCTCCATCATTAAGCAACATCCTATGTAGTTGCCCGCAGCAGGTACTCGACCGTACCACGTCAAGGGTCATATGGAAGTGAATATAATGCCATAAGTCACGACTCCGTACCGCGAGAGGTTTAAAATAAGCAACACCTGCCTGATGTGTGTACGTTCCGGTGACGATACCGCTCGGGGAATAGTAATTGGGAAGAACTACATCGGGTTCAAGATTAGTGCACCAGTTGCGGTCACGGGTCCGGAAGGTACGTCGTGCAATATACACGGCGATTCCGTAGTTCGGCTACCGTCTCAAATCGGCCCCTGCAGTGATCGACTCCACTCCCCCTCTTTCTTAGGGAGGGCGGTGCGCATCACAGCCTCTCGTACCCCTCCAGCCGATCCCTAAGTCCTTAACTCCTCAAGCGAGACAGAGAGCCCTTTTGTCACTTTATGGTTATCCCCA,AGCGTACCAGCAGCATAAAAGTTAGGCATTATGTTAACTCGCCGTTACCAGTAGCGGGTAGGTTACTCTCTCGATTAGCGAATCGTCTCCCGCGGGGAGATGTAACGTCGATACTGGCCGCTGAGATAATAACATTATCAGCTAATTGACTAAGCCGGCCCGATGTCGTGCCCGCCCAATCCACACCTTAAGGTGGCATTACTGGCATGGCTCCGCTAACCTCAACTGACCTGGCGGGAATAAAGCAGAAATTTCCTGATTCTCGTCGGTGCGGCGCCGACAATAAGCCTGGGTTCTGTGGCAGTAATGCTTTTTCTCACCGGGAGTATGGTATTATCAGGGGTCAGGACAGTCCAAATCGGGGCCTGATCATATCTATGCCAACACCCGGGAGTTCGGCTACAGCTTCATACCAGGGCCGGTAAGGTGCACCTGGACACACTGCAAACTCGAATGGCATTGCGGATAGGCCCAGCCGTTCGTGCCCTAGAAACCTACTG,Dog,0,USA
PB-009,Avian Leukosis Virus,ACCCAAACTTTAACAAATGGACACAAGTCGGGTTGAATGCCGCTAGAATGACAAGGTTTTTAATCTAATAGATAAAAAGAGAAAAAGATTCTAATGAGAACGGGTTTCATGCTCCGGGGGCTACGAAAGCCCCAGGAAGGATGCGGCGGCTTGCAATTGGGGGGCATCAATCCGCCCAAATCGTACTTACGAACCCACACCCTTAGTTGAGGCGTAGATGTCTTTAGTCTTACCCGGGCTTAGGCTTCGCTGGGCGCCTTGACCAAAAGTTAGTTGACTGTCGGCCACTACGCATCCTTCAGAGTGTAGTACCGGGTACAATCGGGTACCCTGTCCGTTTCGCGTCAGAAAGTTACCCCGGCCCAACCCGGAAACATCCTCATGCCATACAACGCCGCGGCATTAAAAGAAAAAAAGAGTCGACGACAGACCGCGTCAAGGCGGCAGCGATTCGATTGGAGACGGTTGACTGTATAATATCTAACGGATACCACGGGGGGTGATGAATCACCCAGTGTTACAGTCGATCAAAGAGAATGGCGCGCGACCTGCGACTACTTCCGCGCTACCAGCTAAATAGCAGACGATAGGCTTACCCACCAAAGTACCCGATCGTGGTCAGGAGATGCGAATAGCTTGATTAACGAATGGTCCTCTGGACAGTTGTTTGCCTTTTACCGCAGAGAGCAGAAGTAACACGTCGACACGCTTGACGGTAGGATGGGATCTAAGGAGTCGGGTAGGAAGGGTATAAGCTCATCAACGACTCCGCAAGGGAATGAGCCAGACGGCAGCTGTGCACGACGTGTAGACATCGCCACCGCGGTTCTATAGTTCACGCACCGTAGCGCTCCGAGTTCCCCGCGGTTCGATGATCGTTCCACTGCGTTTAGTCCCGTGTCTAGCAATCGACTCATATGCGTTTTCTGGTGCACCACAATGGGGGTAACATTACCTGGTACGAGCACACGTAGTTTACAAGATTCTTTACTATGGTAAT,TGAGGGCCACTACGCATCCTCCTGAGTGTAGTACCGGGTCCAATCGGGTACCCTGTCCGTTTCGCGTATGAAAGTTACCCAGGCCCAACCCCGAAACATCCTCATGCCATACTACTCCGCGGCATTAAAAGAAAAAAAGAGAAGACGACAGAACACGTCAAGGCGGCAGCGATTCGATCGGAGACAGTTGACTGTATAATATCGAAGGGACACCACGGGGTTTGATGAACCACGCAGTGTTACAGGCGATCAAAGAGACTGTCGCGCGACCTGCGACTGATTCCGCGCTACCCGCTAAATACGAGGCGAAAGGCTCACCCACCAAAGTACTCGATCGTGGTCAGGAGATTAGAATAGCTTGATTAGCGAATGGTCCTCGGGACAGGTGTTTACCTTTTACCGCAGAAAGCAGTCGTAACACGTCGACGCGCATGACGGTAGGATGGGATCTAAGGAGTCGGGTAGGAAGGGTCTAAGCTCATAAACGACTCGGCAAGGGA,GCACGGTTACCGTCTCCCGTAACAAAGATACCAAGTCCCAACCCGGTACAATGCTATAGCGCTTCATCCGCCTGAGACTAAAAGAAACAATGAGTCGGCGTCATACCCCGTCACGGAGGACGCGATTCGGATCGAAAAGTCTGATGGTATAAAATCTCAGGGATTTCACGGGGCGTGATGCATCACCCAGCGTAACACTGGTCAAACAACAATCGCACGAGTGGTGGAATCACGTCCGCGTTAGAGGCTAAATACGCGAGGCGAAGCTTAACCGCCAAAGTACCGCATGGTAACGAAGAGATGCGGATAGCTTGATTGCCGAAAGGTCCTGTGGACAGGCGTAGGCGTTCTTCCGCTTAGAGCAAAGATAACACCTCGAGACCCTTGACGGTTGGCTTACATCTTAGCAGACGGGCGGGAAGGGTATAAGCTCATCAGCGTCTCCATAGGGGAATCAGCAAGACGTCACTTGGGCATGCCTTCTAGACGACGTCGCAACG,TATCATGGTTCAAAATGTGCCCGCTACAATTGAATACTTAGACTAATTGAGGGTGGCATTATATGCACGAGAATGTCCCGTGACTTTGTAATGCTTCAGCGCAAGCAGAAACATAGCCCCCGAGACATTAACCCCCCTCGCCACGCGTCCGGAGGTCGCGGACGGGCGCCGATTCAGTTACGGATAGTAATAATGCAAACGCTTTGCCCGGCATCTTAGACCGCCGGAAGCATACGTCAACGGGGTTGGGAGAATGTCCGGATTTAATTGGCACCGTTGCAGGTTTTACAGCATACTCTCAGCCCGTCCAACCATGGAACACGACGCCAGCGGGGACTGGAGTACACACATCGTCCTCACCATTCCATCCTTGACTCCCGGAAGAAGACTGGGTTGGACGCATTCGACTCGTCGTACCTCTCAACGTAATCGTGAGTTAATGCGTAGACCTGGAATTGGCTACCATTGCAGCCCGTCACTGATACGATGACCTGATTCGA,Chicken,0,UK
PB-010,Feline Calicivirus,ACTACATGGAACGAGTAGGTCTCGGGTAATTCAATCGGAATCTCTTCCACTGCCTTTAAATCGGCGTATTATAACGCGAACTGTTCTATCGAACTAGCTATGTCGGCTACGGGAAAGGGCGCACTTAGACTGATACCGGTGGTTCTAGCGGCGCACATCGGAAGATGTCCATAAATAGCCGCCGTTCTGTTGTGCTTACTCAATCCGGTCATCATTTGTAGCACATTATGGATTGCGGGGCGAAGTATCTCGAGTACCCGATCATGGGCCCGCCCGGGAAGATAGTCTTAATCGGCACAGGCTCTATGAGGTATAATAAATCAAATTCGGACTGAAGCCGAGGCTCGGGAACAGGACAGTCGCACATTAAGAATCGCAACAATACTGTCTTCGACCTGAAACCCCGTGGAGTGATCCCAGACGGATTATAGCTTTTTGCCGTGGTTAGATCACAATTGGAAACCCACCGTCGAACCTTCATCCTCCCCTCTACTATGCCTGCAGCCGCGACGAGGTAAATGGAAGCCAAATGTACCTCTGTACTAAACGGGAGCGGCGTCACCTCAGCGCGGCACACCCAGGCCCTTCTCATGCATTGAGCTCATTAGATTACCCCGGGGTTAGGAAGAAATGTTGTTTCGGACCTTAAGGCGGGCTCTCGTAGGACCAATTGCGGGCGTTATCGCGGACTCCTGTTATGAGGGTTCTTTTCTAGCCTGGAGATACTCTTACTTTGAGAGGCCGCCATGGAGACATAAGGTTCCTCGGCTACGTAGTAGATAAGTAAGGTTTATAGGCAGGTCAACTTTGATACTGACGGATTTATCGAGCAGTCGCAGAGCTGGGATGTGGGTGGCCCCTTTAGCTTAAACTTTGGAAACGTACACTAACGGCTAGACACGCTACGAGGCCGGTGCATGTTTAGTATAATCCCGCGCCCTTACGGTGTGAAACCCTTCAAATCAGCTACACCAGCAAGCGGAACCTACCTGTGCCCAGT,ATTGGAAAACCACCGTCGAACCTTGATCCTCCCCTCGACTTTGTCTGCAGCCGCGACGATGTGCATGGAAGCCAAATGTACCCCTGTACTAAACGGGAGCGGCGTCAGCTCAGCGCGGCACACCAAGCCCCATCTCAAGCATAGAGATCATTAGATTACCCCGGGGAAAGGAAGAAATGTTGTTTCGGACTTTAAGGCGGCCTCTCAAAGGACCCATTGCGTGCGTTATCGCGGACTCCTGTTATGAGGGCTCTTTTCTAGCCTGGAGATACTCTTATTTTGAGAGACCGCCATGGAGATATAAGGTTCCTGGGCTGCGTAGTAGATACGTAGGGTTTCTAGGTTGGTCAACTTCGATACTGACGGATTTATCGAGCGGTCGCAGAGCTTGGATGTGGGAGGACCCTTTAGCTTAATCTTTCGAAACGAACAATTACGGCTAGACACGCTAGGAGGCCGGTGTATGTTTAGAATAATCCCGCGCCCTTAGGGTGTGAATC,GGCCTCGCCTCACATACCCGAAGAGTTATATTGTCCGCAGCCGTGCGCTTGCGCTTATTAAGTCCGGTCATCAAGAATCGCACAGATTGTAATGCGGGTCGATACATCTCGAGCAGGTGATCATGACCTCGCCGGGAATGATTGTCTGAATCGGGACATCCTCCATGAGGTATAATAGACTCTAATCGGACTGAATACGAGGATCGGGAACAGGAAAAACTCACGGGCAGCATTCGCAGCATAGTGTCTTCGACAGGACACACCGTCGATTCACCCCACTCGTATAATAGCTTTTTCCGGTGGGTGTCCCACAATTGGCAACCAAACGTCATGCCTTCATCCTCCCTTATACTACGCCTGCAGACTCGGGGGGGAAAATGGAACGCTACTGTAGATCTATACTAAGCGGGAGGGGCGTAACCGCCGCGTGGCTCACCCCGTGCCATCTGTTGTATTGAGGTCATGAGATGACCCGCGGTCTAGGCAGAATGATTGTATGC,ATCTGGCTTTCCATCAGTGGTCCGTTCGGGTAGCAAGTTGTAATGAGTCTGAGCCTTGCGCGGCATGAGACTTAGACTACTGGTGGATTACGAGTAGCTAGGTCAAGATAGTCCCCCCTTAAGACACCCAATTCCTATGGCGCCTACGTCGGGCATCCTTATTCTACCCAATCCCCCCTAGAGCTAATTGAAGTCATGCACCGCCTTTGGCGAGCTAAACCTCGACTGTGCCATCTCTCCTCTACGCGTGAATTAGTTGCTCCAAGGGCAAATGCCCACCATAGCGGAGCTCTAGTTGCCTTGAGATACGTTACCACAAGCCTGTGTTCCCGAACCCAACGCATGAATGGAGCGAATGAAATTACACCGCGATACGGATGAAGTAGCGACTGGGAGCACAAGGGGTGATCTCCCAGGAGTCAATTCCTCCGTATTCGAGAAATTTGCGTCGGGGAGTAAATATCCCGCGTAAATATCTCCTTACCGCGAGAGGGAGCAAG,Cat,0,USA
PV-011,Swine Vesicular Disease Virus,GCTACAGGGAATTAGTAGATCTCCGACAATTAATCCAGGATGTGGTGCATTGCGCTAAAATCGGCGCATTATTACTCAAACGGTGTCGGCCTAGTAAGGATCGCGTGTGTATGACAGCGTGTATTGAGAGTCTTAACGAGCCACGTAGCGAATCACTCCCCAGGTTCGCCTTCTGTAGAGGGCGTTCTGGGTTAACGAAGCAATCCGGCCGTGCTAAGGGGAGCATTAAGGTTGGCGAAGCGGAGGAATTGAAACCGCAAATGGTGGGCCCGATCTTGAAGCTAGTCCTAATAATCCAGACCGCTATAAGAAGTCCTTACACTATAGCGGAGCGAAGACTAGTCTATCTAAGATGTCAACCTGACACTAAGACCCATACCCTTAGAGTGTGCGCCGTAAAAGAAACTGAAGTGACTACTGACTGTTAATAAGTTACTCCCATGATATGACCCTGGTCCTGCGCCCACCCGAGTACTTAAATCATCGCGTCTATCACCTACTTCGGGTGGGAGATGTAGTTGAAACCCAAGAGTCCCCAAGTATTCTATAAGCGCTCGGTCAGCTCAGCGCGCTCGTCGCAGGCCACCCTAATTAGCTGACGGCAAAGGACGAATGCAGCGTGAGGGAGTCAGGACGTCTTATCCGCTATGTCTAGCTCAGATATGATACATACTGTTCCCATCCTCAAGCACCTTTGATAATTGTTATATCATGTCCATCAAGCACTTGAATAAAAAGTATCACCGTTTCCGGCACGAGTCTCTTCCACTACCTAAAAGAAGATTAGGGTAGAAACACGGCTCAATCTCCATTGGCTCTGAATTATCCATTAATCGCATAATGAGTCGAAATTAGAGCCGTGTCTGTGGCATCTTGGGAAGCCACACTCGCGGCGAGACACGGTACTAACCGGGTCTGTCTGTACAAAGACATGCCTTCGTTACTATGGACGACTGTTCGTCGACCTAAACCCAGGTTTCGAAGCTTACTTTAGCACAGT,ATTTCACCCTGACACTAAGACCCAGACGCTTAGAGTGCGCACCGTAAAAGAAACTGAAGTGACTACTCACTGTTAACAAGTTACTCCCATGATATGACCCTGGTCCTGCACCCACCCGAATACTTAAATCATTGCGTCTATCACCTCCTTCGGGTGGGAGATGTAGTTGAAACCCAAGAGTCCCCAAGTATTTTATAAGCGATCGGTCAGGTCTGCGCACTCGTTGTAGGCCCCATTAATTAGTTGACGGCAAAGGGCGAATGCATCGTGAGGGAGTCAGGACTTCTTATGAGTTATGTCTAGCTCAGAGATGATACATACTGTTACCATCCTCAAGCACCTTTGATACTTTTTCCATCCTGTCCATCAAGCAATTGAATAAAAAGTATCCCCGTTTCCCGCACTAGTCTCTTCCTCTACCTAATAGCTGAATAGGGTCGTTACATGGCTCAATCTCCATTGGCTCTGAATTATCCATTAATCGCATAATGAGTCAAAAT,TCCGACCATTAATCCAGGATCTGGAGCATGGCGCTCTGTTCGGGCCGTGCTTGGTTTAAGGGTGGCGCCCTCGGAACGATGGGATGTGTTTGACAACGTTGATTGACCGTCTTATCGAGCCACGTATAAAATCACTCCCGAGAGCCGTCTGCTGTCGGGAGCTGTCTGGGGAAACTACTCAATCCAGGCCTGCTAAGGGGTGCATTAGGGTAGAGGAAGTTGAGTCATGGAAAGCTCCACTGGGGGGCCTGATCAAGATGCTATGCGTCATAAACCAGACCGGGTTAACAAGCCGTGTGACTACCGCCCGGCGAAAGCAAACGGGTCTCAGCAGAAAGGCTGTCATTTACGCGCATACCCTTATTGTGTATGCCGAACAAGAAACGAAAGTGACTAATGATTGGTAATAGGTTACTCCCGCGCCAATACCTAGCTCCCGCGCCTAGCCGACTACTTGCATCATCGCGTCTTGAACCCACTTCGGGTGCAAGATGAAGAGG,GGATTACTTGTACCCGCGCCATGACCACACCCATGTTCTCTGTTTGTAGCTAGGCTACTATGTTTACGCTACGATCCGGAGCTGAAAGGGGCAAAGTTCGGGTGCCCCGAGAAGAGAACGTGAAATAGATCCACCGAAGCCGACGCTTAACCCAAGTCCAAATTTTCCAGTAATCCATAGTGCGTGCTTCTACGACTGGGGCTTGAAGGCGTGGCCATGCAGTACGACTACCAGGCAGTACGAATTGTGGAATAAGCTCGTGTGTTCAGTGGGACACGGCGTTGACGATAGACCGGATGAAAATGAACATAGTTGGAGGAACAGTAGCGTGAAGCCACCTGCGGTCTTAAAACATCACGTCCTGCACGTATTTCCGGTATCAGTTGTGCGTCACACTGGTGATTCACCTTGTCATCCAATAGATATAGATCACATTTGGAAGAGTGACTCCCGCGGATCAGATCAGCTGACATCAAAAGGAAAACGCGGTTTTCGGAGTT,Pig,0,Italy
PB-012,Bovine Herpesvirus 1,GGGATTGTCCAAGCGTGCCTTCACCACTCCTAGATAAAGGATCTAAAGGGTGGCACGGCAACCTATGTTGCCACCCATCTTTTGCGCATCAGAGACTCAAGTGGAGCAGGACACAAAACCGTAAACGAGGCAAGGCTCAATTGCGCCCTTGCACCTCAATCCACCTCGCCTCACGCCTCAATAAACACAAAAATAGTGTTAGGTTCTTTCTGCCCGCGTCACGTCCTCGGGAAGTTGTAGTCAGAATCTAACGGGTCAACATAATACCGTGAGCTCGCCAAAACACATTAGCGACATTCCTTACATGTCCAAGTGCACGTGCGCGATGTGCTCATTAACGCAGACCGTTCCCATAGATGGAAAAAACTATACATCCGAGCTTGCATACGCCTGTCTCTTCAGAGACGAACGGGGCCCACTCGGCCGGACGAAGGTCGGAGCGACGCACTTATGAGGTCGGTGCAAATGGAAGCAGATGGGTGTGACCGTACTTCACCTTGCACGACTGTGACCTTTCAGAGTAGGCAGTTTACTCCTGCCCCCATGCCCCCTTTACTCCTCAATGAACTCTCAGAAGCGGGCCAGTCTCTTCAGCCGCCACCTTCGAAGAATTACAGGGCGGTCGGTAAAAAAGACATTAAAGGGGTGAACGCTACGAAGGATCTAATAGTCTTGACGTCAACAAGGGACGTAAGCAAACTAAAACTTGCGGTTAAGTGACCCTTCGGTGGTTGGCGATTTCGGTATTTGTTGTATCTATCTCCGGCTGTCAAAACCATAGCTCTACAAGTAGGCTTACATTTGAGCGCGGTGTCAAGGGCACCTCAAGGTCAGCAGACTTGCAGGGTGGCTAGTAGTTAGAGGGATACGGCGTGGATTAGTAGCGGCACCAGAGGAATTCTTTTCGACGCCGCGCCGTTGGAACGCCTATCAACAAGAATAAAGCAGTGTTTGAGGCCTCCAACAGAGATCAGTCACGAGCGAGGAACCATTAAGGCGA,ATAAAGGGGGGCACGGCAACCTATGTTCCCATCCATCTTTTGCGCATCAGCGACTCAAGTGGCGCGGGACACGAAACCGTAAATGCGACAACGGTCCATTGCGCCCTTTCACCGCAAGCCACCTCGCCTCACGCCTCAATAAACACAAAAATAGTAATAGGTCCTTTCTGCCCGAGTCACGACCTCGGGAAGTTGTAGTCGGAATCGAACGGGCCACCATAATACCGTGAGCTCCCCAAAGCACATTTGCAACATTCCTTAGATGTCTAAGTGCATGTGCGCTATGTGCTCCTTAACGCAGACCGTTGCCATAGATGGAAAAAACTATACATCCGAGCTTGCATACCCCTGTCTCGTCAGAGACGAACGGGGCGCACTCGGCCGGACGAAGGTCGGAGAGACGCACTTATGTGGTCGGTGTAAATGGAAGCAGCTGGGTGTGAACGTAGTTCACCTTGCACGACTTTGAGGTTTGAGAGTAGGCAGTTTACGCCTGCCCC,TAAGGATCAAACGAGCCCTGTCTCCTCAATGAACGTCCAGTCAAGTCCCAATAAACACAAACATAGTGCTAGACTCTTCAGGCGTCCGACATCTGCGCGGCAAGGAGTAGGCACAATCTAACGATTCAACTTTAGCCATAAAGTTCGCCTAAACCCAATAGCGAGGTTACCTCCATGTCCAAGTGCACGTGCCCGATATGCTCGCTATCGCCGACCTTTGATATAGATGAACCAACCCATACTGCAGAGCTGGTATACGCCGGCCCCTGCATGAAAGTATAGGGTTCAGTCGGCCGGACCTAGCTCGGAGTTACCCACTCATCTGGTTAGTGCACATGGAACTAGATGGCTCTGTCCGGACCATAACCTGTACGAGTGTGGCCCCTAAGTGTAGGCAATTTACTCGTGTTCCTATGCCCCATTTACGCCTGAGTGAATCCTCCGATGAGGGCCAGTCTCATGTTCAGTGGCCCAGGAAAATTTACACGGCGGTCCGGAAA,GATAAGAGCGGGAGAGGACATTAATGCGTAAAAGTAGGAAGGATGGATTGCTCTCTTCACCCTCGATCGGACACCCCTTTTACTTGACTAATCAGGTAATGTCTCATAACCTCTTCATGTGCCGGTCATGTAAGACGTAAATCAGTGTTAGCAGCGATCGCGAGAGATATATAGCGCCCGCGCTCCGATTCATATCATCTACGGTGCTTTGTTGTCCAGCTGTAAAGGCGGCTTATACTCGGCCGACTCGTGCGGATCCTTAGTTGGATACTCTTTGTGGTGCGCACACGTGGGCGTGTTTCTAATCAGACCCTATCGTGCACCAAATCGCCTAACTGAAGCAGGAGCACACCGTCTCTCTATTCACTGCAAATGGAGTGGTTCGTGCTGTACGCTACTGTATCTCTCCGTACTGCCGCCTGTCAGAATCTGCTGTGAAGTCACGGGCGGAGGAGCCCGATAGAAGGGACGGAAAGGCTGTGATTGTCTCGGTCGCTTCA,Cattle,0,USA
PV-013,Equine Herpesvirus 1,TCAGGCGGTAGCACACTAAATAGGGTGTTATGAACCGCCGGGACCCAGCAAAAATGGCCCCTCCCATCCCTCATGGAGCTTATAGCTGGGTTACCGTTTTACGGTGTACCGCAGGGATATTCCTAATGACCGTCCCACTCACCAGTTCACTCAGACCAGTTGAGTATTGGCATACCAGCGGGGTCCCGTCGCATCTTCCTATCGCGCTTCAAGGTATTCCCAGCTATTGAACTACGTCCGATCTGCCTTTATTGTTGAACGGTCCACAATTCCAGACTTAGAACTAAGTTGGGCAATAAAACTGAGGAAAAAGAGAGACTTCACTTGAGCAATCAGATCTTAAGGTTTCTGGCACAAATCGGCGTAGACGCAAGGTGCTGAAACTCAAAGCTTGGTTTTCGATCCTCTTCCACCGACCGAACTCGCCTCAGAATGAGGGCGTTCTCGCGAGCCCTCACTATCAATGGAACCAGCGTATGTTCTCGACAGTAGCCACCTTCCGGGGACAGGCCTTGGGACTCTACTCTCTGGGTAAGTGTAGGCACGTGATCCCAGAGGCCCCAGCTGCACTGCTGACCTTTTGGCAAGTATTTCACAGCATGTTCAGTTTCCCCCACCAACCGAAAGTTGAAGTAGTCAGTGTGACTGAGATTCGTGGAGGTCACTGAAAAAACGACGCATTCGCTAGCGTTCGTTGGTCCAAGTCTGGCCTGATCGGACGCGTGACTCGCAAGACCGTTCTGCCGGACCTAACCCACTGGAATTTTACCCTATGCACGATTTCCAGCGCAGCGGGAATAAACTCCAGAAAACCGACTGAGGAGCTCAAAACGACCTTAAGGACAGCAGAGCCGCTCGCGTATGGGCTGGTAGCTTTTCTGTTCCTCGTCACTTAATGCGAGTTCAGCACTTGGAGAAGTGGACCACGCTGCAAGAACACAGCAAATTGAGGCGATCACAAGGTCATTATCAGGCGACGCATCTACATTATGCCTAAGAT,GCATACCAGCGCGGTCCCGTCGCATCTTCCTAACGCACTTCAATGTATTTCCAGCTATTCAACTACGTCCGATCTGCCTTTATTGTTGCACGGTCCAAAATTCCAGACTTAGAACTAAGTTGGGCAATAAAACTGAGGAAAATGAGAGACTTCACTTGAGCAACCAGATTTTGAGGTTTCTGGCACAAATCGGCGGCGACCCAAGGTGTTGAAAGTCCAAGCTCGGTTTTCGATCCTCTTCCACCGAACGAACTCGCCCCCGCATGAGGGCCTTCTCGCGCGCCCTCACTATCAAGCAAACTACCGTATGTTCTCTACAGCACCCACCTTCCGGGGACAGGCCTTTGGACTCAACTCTCTGGGTAAGTGTAGGCATGTAATCCAAGCGCCCCCACTTGCACTGCTGACCTTTTGGCAATCATTCCACAGCATCTTCAGTTTCACCCACCAACCGAAAGTTGAAGTAGTCAGCTGGACTGAGATTCGTGGAGGTCACTGAA,GTCTGGTAGCAGCAGAAGGGTCACCACCCATGCCTTGTGGAGCCTATAGCGGGGTTCCCGTTTTACGGTCCCCCCCTGGGATATTGCAATCGAGCGTCCCGCTCCACAGTTTACTCAGACCAGTCTTTTAATGGCATGCGAAGAGGTGCCCGTTTCCTCATACATTCTCTATACAACCAATTGGTAGCTTTCAAACAGCGTACGATCAGATTTTATTGTTTAACGCCCCACTATTCCAGACTTAGACCTGACTTGGGTCATAAACCAGAGGATCAAGAAAGATGTCACATGAGCAATCATCTCGTAAGGTTTTTGACCCAAATCGTCTTAGCCGCGAAATGCTGAAAGCAGAAGCTAGGTTCACCCTGATCTTGCATCGACATAACTCGCCTTTTAATTAGAGGATTGTCCCAAGTCCTTGCTGCGCATGGAACAACCCTAGGTTCTTGACCGTAGGGCCCTACCGGGCAACTGCCTGAGTACTCAACACTCTGGGTACG,TTTTATATTCAAGGAGACAACTTCGCTGGCGTCCAATTAATTGTGGCAGGATTATAGTGAAAAAGCGGTGACCGCAGTTGAACAATTCAGTCCTATGCAATTTGGCAATGATCTAGGGAGTCGCTCTGATCGGGGACCCAAAGACGTTTGTTCGGTCGAATAGCACAGGCGGAACGCGTTCGTAGAGTTCTGCCTTAGAGAGGGTCCGCGTTATAAATAGAGTGTTCGCATGTTCTAGGCCGAATACAAGATACGGAGCGATTACTTGGTTGTTCCACATCCGGCTACGGGTAGAATACAACTATCGTACGCCACAGCCCAACCGACTACTACTAGGTAAGTAATTATCTGGATACTCACTATACGCCGTCGATGTTATGGTCGAGTGTTCCGTGCGACTGTCTTTCACTATCGTGAAGCAAATAACGGCCCAGTCGGCTTTCTTCCACGGACGCACGGTAGACGAGCGAGGCCAAGTACCCCGAACACAATCAAGACTA,Horse,0,UK
PV-014,Turkey Coronavirus,CCTGGACGAGGCTCCCCCGATCTTGGTTTAAAGCATGTCGTTTTCCTACAAGTACTCCACTCCGTTTCCTTCAAGGTGCTTTCCGACAAGATACACTTGAACAGCCAGCCGCGCGGTACCCTGGCAATACCATCACAGTAGCACGTCAGCTCTTACCTGATCCGACTTGTTCCGAAAGCCGCCGCAAGTCTGTTAGCTTTTCCTCAGGTCCCGGAAACTCCTGCCATGTTCCCTTAACTACACTAGCCAACTTGATTCGTTAACCCTGGTCTCTCTCTGGAAAAGTATTAAGCGAATAGTAACGGTATAGCTGGGTCCAGGCGGCCAATTACTCAGTTAATCACAACAAACTGCACCGTCAACTAAACAGCAAGGTGACGACGCTCGCATCCTGCGCCAGGACACGCTAGCAGCAGCCGCCATAGCTTCACATGTTGAGCCCGGGGACAAGTGCTTACTATGCTTGTACTCTGCCTATTCTTCAGTCAATATTTACCACTGATCAGCCCGTTTTGTAATATAACTTTAAGCTGCTCTGGACATATCTTCGCAACATGCGCCATGCTGCTTCTCGGGCCATCTGGAGAGTATGTCTTAATAGGCCGGCTCTGACCGGCAAGCTGCTACGACATGTAGTATGTATTATAGTGAGTACTGAGGGTCCAGTGCAGCCCCGCCGGATCAACCGCATGTATGGTACTCTAGTGTACCGTAAAGGTCGCATAGTTATGTTTTTTCCGCTGACGTCCTCAAAGGACGGAAGATTACCGGGGATCTGCCAGTGGGGGAGAGTGGCGATTAGCGCCGGGTCCAGCTCTATTGAGCCAATGTCGTGAGCAGGTGCCGTACGGCCTTTCCCTGGTTAGCCTGAGGCTCTAGAGCTCCTCTTTAATTAGTTTCAGATAGGACCTTGTCCCCATGGAGTACGCAGCAAGGCGGGCGGACCATATCGCTGCTTGATTCAGCTCGTCGGCAGACGGGGTCAGAAAGCGATTAAGAC,GGCCGAAGGGCTGTTAGCTCATCCTAGGGTCCCGGAAACCCCTGTCATGTCCCCTTAACTACAGGACCCAACTTGATTCGTTAAACCTCGTCTCTCTCTGGAAAAGTATTAAGCGAAAGGTCACTGTATAGCTGGGTCCAGGTGGCCAATAACTCAGTTAATCACAACAAACTGTACCGTCAACTTACCAGAAACGTGACGACGCTCGCATGTTGCGCGAGGGCACGCTAGCAGCAGCCGCCATTGCTTCACATGTTAAGCCCGGGGACAAGTGCTTACTATGCTTGTACTCTGCCTATTCTTCAGTCAATCTTTACCACTGGTTAGTCCGTTTAGTAATATAACTTTAAGCTGTTCAGGAAATATCTTCGCAACATGCGCCCTGCTGCTTCTCGGGCAATCTGGAGGGTATGTCTTCATATACCGGCTCTGACCGGCAAGCTGCTACGACATGTAGTATGTACTTTAGTGAGTACTGAGGGTCCAGTGCAGCCCTGCCG,CTTAGACGAATTGATCCGAAAGCCTACGACAGTCTTGCAGCCTTTGTGAATGTTCCCAAAACGCCTGCCTTATTTGCTTAACTGCACTAATCAATTTGGTACGTTGACCACGGTTGATCTCGGTAGAAGGGAGACGAGCAAGGTAACTCAATCGCTTTTTTCACGCGCCCAAAGTTCCGCTTGCTGAAAACAACTTGCCCCGGCATCTTTATAGCAAGGTGACGACGCTCGCATGATGCCACCGTGCACGCTTGTAGCGGCCCCCGGCGGTTGACATCATGAGCCCCGCGACAAGTGGTAACTATGCTTGGCCACTGCTTTCTCTTCGGTCGATTTTTACGACCGATCAGAACCTATTGGTATTTAACTTTAACCGGCTTTGGACATCACATAGCCACAGGCGTGAGGCTGCTTCTCGGGCCATCGGGCGAATATGTGTCAATCCCCCGGCTCTGGCCGTCACGCAGCTACGACATTTATTATCTATTATGGTAAGTTCG,TACTGTCCGCAGAAGCCTTAAGTGCTGGCTAGAACTACGTAACGTCTTAAGACAACGTATTCCCCGGAACCGAGCATTTGGTTTAATAGGCTTACGTTGCGCTGGGACTCTAGTCGAAACTACCGCCAAGTTCTGCCTTGGTTTCTTCAGGGACTAATTTATGATTCCCCTGACCTGTTCCGCAACTGATCACGTATTGTTAATAGTCATAGCTTGAGGACACATATTCCAGGCCCCCCACACCCTATCTATGTCAAATCTGCTACGATTCTTTACAGTTTCAGTGAAGAAGGTATGTTTTTGCCTCTCCGGTCCGCGCAGGAATGCTGCCAATGGTGACCAGAATTCATAATGTTAGTGGGTTTTATACCCGGGCGACGATGTATTAAGGCAATTGTTGGCGGAAGTGAACGCCCCCCTTGCCCGGGCTAGATCGGGTCAATCCGGCTGTTCTCGGATCATTTCTAGTGGGGCGTTAGCTGCAATTGAATACCCCGAAA,Turkey,0,USA
PF-015,Bovine Papillomavirus,CCTGGATGCGCGAGCACCCGGAGCGGGCCAAGAAACGTGCTATTCCGACACTTCCTCGGCGGAGATACCTTCTCAGTGCGATAAGCCACGTAAGGACATGAATGCCTCTCTCAGGGTTACTCCGCTTTAACTGATGGGTAGCCAGGGGACTACAAGCAGTTATGTCGAGCGGCGGAAGCTGGATTCCGTCAGCTCACGTGCGAGCGAGTCATCTTTGCGCCCATCATCTACGCGCGTCTTAGGCCATGGTGGAGCTTCGTGGACCCCGCTTGCGCACCTAGAATTTATTTAGGCATAATCAGAGTGTACAACGATACCCGTCCATCAAATGCAAAGCTTTTTACCTGTGGGTGGCCATAGTGTTACGACACCAGGTGCGAGTACGGACGTTGCACTCCCCGGGACTGCTGCTCCAACCGCACGGCTGTAACAATTAAGGCATAGAGGCAATCGCGTATTCTAGTTAGAGGGAGCGTAATATTTGTACCCCCTTTATGGTCAATCCGCTTGACATCTAAGGAATAGGTCAAAGGAACCGATCTAACGTGCGTATCTCGGCGGAAGCTTCATTTCATGCCAAGTATAAGGAATAGCATAGACAGCCCACTATTAACCGCAAACTGCTCAGAGATCTCAACCGTACTATACACACATTTGGGGTTACAGTGTTGACGTACGTGCTGCCGAGGATGGAGGCGACTGGGTTTGAGTCTGTCGCACCTAGCCGTCTTATGCTTTTGCAACCGGGTATCAGGATAGGCAGATTCCTTTAAAGTTGGAGATGATGAACAGGGTCGTCGAATACCTGATTCGTCCCACAGAACCCACACCCGACCAGACGATTGGCACCAACGTTCACGGCAGACGCAGTGGCACGCAGGCTCAGTGTGAATCAAAAAGAGATCTCGCCTTAAACCAGAAGCCCTTCCGGTAAGAACGCGGTTCCTCCGGACGGGCACTAAGAAGACTAGTACGGTGGAGCGTGGAAGTGTACTAAGAA,ATATGGGTACCCCCTTTATGGTCAATCAGCTTGAGAAATAAGGAATCGGTCAAAGTAACCGATCTAACGTGTGTATCTCGGCGGAAGCTTGATATCATCACAAGTATAAGCAATAGCATAGGGAGCCCATTATTTGCTGGAAACGGCTCAGAGATCTCGACCGTACTATACACACATTTGGGGTTACAGTGTTGACGTACGTGCTTCCGAGGATGAAGGCGACTGCGTTTGAGTCCGGCGCACCTACCCGTCTTATGCTTTTGCAACCGGGTATGAGGTTAGGCAGATTCCTCTAAAGTTGGTGATTATGAACAGGGTTGTCGAATACCTGATTCGTCCCACAGAACCCACACTCGACCAGACGATTGTCACCACCGTTCACGGCAGACGAGGTGGCACGCAGGCACAGAGTGAATCGAAAAGAGACCTCGCCTGAAACCAGAAGTCCTTCCGATAAGAACGCGGGTCTTCCGGACGGGCACTAAGAAGACTGGTACGGT,CATACTAGCAGGTTTGTAGACCGGTGGACGCTGAATCCCGTTGCCGAATGAGCGAGTGCGTAATCTTTGACACCAGTATATAAATGCTTAATAGGCCCTGGAGGAGCTCCGTGGAGCCACCCTGCTTTCCTGGACTTTATATTGGCATCATCACAGGGTAGAACCTCATTGTGCCATCAGGAGAAAACCTTCTTCCATATTCATGGACATAGTCTTACGGCACCAGGTGCCAGTTCGGACGTTGCACTCTAACGGTCTGACGCTTCAACCGCACGGATGTAGGAAGTAACGCCTAAACGCAATGATGTAGTCTAGTAAGAGGCTGCATTTTACTACTTCGAACCTTAGGGTCAATACGCTTGTCATCTACGAAAAAGCTCGAAGGAACATATCTAACGTGCGAGTGTCGGTGCCAGCCTTGTTTCATGGCAGGTATAAGGATTAGCATTCCCAATCCACAATTAAATTCAATCTCCCAAGATTTATCGACCGCACTATAC,TATAAATCACATAGTTAGGCCCGATTGACTAAAGGGAAACCCCGAGAACGTTGGCATTCAGCTCAAGGGGTAGCCGTGGTATTCCAACACGCCTCGTACAACTGCCTCATTATCCGGCGCCTCAGCGGCACGGATAAGGAGCGGTGGTCGACCGTCTTTGTCCCAACAACGGTGCAGTGAACTACTTGTACCCTAATCAAGATGTAGAACTAAACACCCGTCCCATTATTGGAGCTCCGCTGATGTGTGTTCTCGAAATGTATGGAAACCAGGTACGTTATGTGAAGGTGCAAGCCGTGCAACCTTCAGTCGAACCGCAAGATGATCACTATTCAGTTTACTAGGCCCCCGCATGTTCCATGTAGAACAAGCCCAAATCTAGTACCCCCTTGATCTAGACACGCTCCGATCCCGAACGAAACCGTCACACGCGACCATCTGTCGTGCTTAGAAGTTAGTAGCCAACGTTTGACCTTGGAATTCGCTAAGGGCCCAGAGAT,Cattle,0,Germany
PF-016,Rabbit Calicivirus,CTCAGACGTCGGACACTCCTTAATGTCCTCAGCCTCGTCATGATCCCCCAATCTATAGTCGACTAATGCTACAAGGAGCCGAATGTAACCTGCCCGTCTCATTGCCGATTGAAAGGTACCACGACATGTGTATAAACATACCCACTCCGCAGGCGCATGATTCGTTGCCGTCTAGATCGCAGGACCCCAATGCTGGACTGATGAATCTTGACGACAATCCACTCCCTTTGCACTCACCAATGGCTGCGCGATTTCTTCAGGCACCCCCGTTGAATACCGAGGGATTATTAAGGTCCGCCCGATGGGACCTATGGTCCACTGCACGTCCGTAGTCAGATATTTACATTATTCGAAAGCAAAGGGTCAGGTGCGATGTGCCGTTAATCCCGGTGTGAGCCGGGAGAATTAAACACGGCTCGCATCCAGCGCACAGTTGTAGTTGGTTGGCTAACTAGGACTAGTGGCTCAGAATTTGTATTCTTTCCCCGATGTTTTCCTGCAGTCGCCGTGTGGTTGAAACCATTATGCAGTGTAAACCAATGTACGTGCAGGCAAGGACCCAAACTGGCTCACCGACAACGTTTATTGCATATTACTGAACCCGCAGCTAAAGAGGGACAACGATCCATAATATGGTCTGTGCCTCAGAGTCAAGAGGTGAGTGAGAGTTAAACATGGTCTTCGCCGGCGTGTATGGAACGATCCGTGTCTCGGTCGCCCAGATCCTGTACAAGTGATTGCTATCAGGCAGAACGAAACGAGTGATTTATCTTTTGGGAATAACTAGCAGACGCGCATTCATCTCCTCATCCGTTGCTTACAGCGCTACCACCACGAGACATGCTGCAGGGCCGTTCCCTGATGGGCTTGGGGTCTCACGAGGTGTGATAAACTACAACGACTAAGCTCTCTTCCGGAAGGCTCCCCGCAGCAAGCTGACTGAAACATGAGGTGTCTACATGGTAGTGTGTGGCGGAACAGGCGTGAACATGACTAATAA,TCATTGCCGTTTGAAAGGTACCACGAAATGTGTATGAACATACCCACTCCGCAGCCGCATGATTCGTTGCCGTCGAGATCGATCGACCCCAATGCTGGATTGCTGAATCTTGACGAAAATCCACTCCCTTTGCACTCATCAATGACTGCGCGATTTTTTCAGGCAATCCCGTAGAATACCCATGGATTATTCAGGGCCGCCCGATGGGACCTATGGTCCAGAGCCCGTCCGTAATCAGATATTTACTTTATTCGTAAGCAAAGGGTCAGGTGCGATGTGCCGTTAATCACGGTGGGAGCCGGGAGAATGAAACTCGACTCGCATCCAGCCCACACTTATACTTATGTGGCTTACTATGACTAGTGGCTCAGAATTTGTATTTTTTCCCCGATGTTTTCCTGCAGTCGCAGTGTGGTTGAAACCAATATGCAGGGTAAACACATGTACGTGGAGGCAAGGACCCAAACTGGCTCACCGACAACGTTTATAGCATATAACTG,GCCGCAATTTTACAGGCTCCTCCTATGACTCCCGAAGTATGAGTGATATTAGTAAGATTGGACATTTGGTCGTATCCGCGTGCATACTCAGATATTTAAATGAGTCGGAAGGAAAGCGTCACGATCGATTTGCCAATAAGCCCGGTTTGAGCCTGGAGAATTAAGCACACCTAGCACCCAGCGCCCAGGTCTTCTTGGTTACTTTACTACGTCCCGTGGCGCAGCTTTTGAACACCTTAGCCGAGGTCTACGTGCCGCCGTTGTGTGATTGCAACCACTCTGCAGTGTAAACCTATGGACTCGCAGGTATGGACCTTAACAGATGCACCAATTAAATTTCTAGCATAGAAGTGTCCGCGCAGCTATAGAGGGGAAACGATTCATAATATGTTCGGTGACTCAGAATCAAGACGTGCGTGAGAGGTAACCATAATCTGAGCAGGAGAGCACTGAGAGATACGAGTCTCGCTAGACAAGCTGCTGTACAAGCGACAACTATC,TGCGACGGACTTCTCGGTACAAGTCACGAACGCAAGTTCTAAACACTTATCTTACGAAGGATGAGTACTTTTCACTCCCAATGCCCTAACAGTCGTGCACGCCGATTAATGAGTCACCTGTATAGAGTGCTGGGGGACGATTCCAATCCCGCTGATGGAAATGGTCGCACGCTGAACATCCGAAGAGCTATATTGACCATCATCTAGTGCATGAGGGCCGGTGAAGTGTTCCGATAATGATGTAGTAGGGCCGGCTGAACCGTCCCCGCCATGATCCGGGGCACCACGCTAGCTCGTTAAAGGAATACGCCAATTGTCAAACCCAGAACAACGTTTCCACCACTCTTTCCCGCGGTTGGTCTGTTGCCGAAGCCCGTACATTATGACAACTCATTGAGGACCTGTGAAGCTTCGGCTGATGCTGACTAAGATCGATAATAGCCTGATTCGAAACTCACGGCTTCACCAAATACGAGATCCATATAATTTGGTTGGCAGGG,Rabbit,0,Australia
PB-017,Pigeon Paramyxovirus,CGTCGGGATGAGACCCTTCATACCGCGATTAGACACGCCGTGGAGCTACTAGCCCGCGAACCCCATGCCACCAGGTTTCGAAGACCCGTATTACCGCCTCACGCCCAATCATGCGGTAAAACGTAGTTTTCTATCGTAGGGCTACCTGGCTTAGACAAATTATGTACACGTTCGTACGTATGGACCCCTTAGCTGACTTGGGAACGAGTCAAGGTAATTCGACCGTCATTCAGATGTAGAAAGTTGCCATGCCGTTTAAGGCAGAATGGATGAACACCTAAAACTAACGAGCAATGAAAACGGCGGATCAATGCATTATGGTGATACACGGTTTTGAAAATAACATACTTGGGATCTTGCGGTTACGTACCCGGTTGCAAATGTTAACGTACTGCACCTCGTTACAGCGTCGCCCGGAGCACGCTATGCCCAACTTGCACTTGCTGGAAGACGCTTACTCTATTTCGACCCTGCTTATTTTATCGTATATTTTTACCCACACAAGCCATGTCTCGCCAGGAAGCTTCGGTTTGACAGGAACATTCAGCGGCAGTAACTCCTCAGTAGCTCAACACTCCTGCATCAATAAAGGTCAGCATAGGGCCACCCTCACAGGAAAACTGACAATTCATCAAGAGTGGGTCTTACATACGTGTGGAAATCTAGTGCTAAACGTAGGTGACGCCCCCAGCCAGGACATATAGTACAGGCGAGTTTCTCCTATGTAAATCAAGTTGATGCAAGCGGGTTTAACGCTATGAAGAGTTCAGGTGACTAGCATATCTTGCATACCTACGTTCCCATACTAATTCGACCGTCAACAGCCGATGCCGACACGTACTGCAGCACAGCGGTTCCATCAGGCGCTCATGGCCCCTGGCTTACTTTAAAATTCCCACGAGATGACTAGCCTACCTCATGGGAGACGCTGACAGCGTAAACGACATTGTGGATTTCACTTAGTGTTCTCCTGCAATCTACGCTGAAGGGTGCTAAGGCA,TCAAGGTAATTCGACCGTCATTCAGATGTAGAAAGTTTCCACCCCGATTAAGGCACAATTCATGAACACCTAAAAGTAACGAGCAATGAAAACGGCCGATCAATGCATTATGGTGATACACGGTTTTGAGAATAACATACTTGGGATCTTGCAGTTACGGAGCCCGTTGCCAATGTTAACGTAATTCTCCTCGTTACAGTGTCGCCCGGACCACGCTAAGCCCAACTTGCACTTGCTAGAAGACGGTTACTCTATTCCGACCTTGCTTATTTTATCGTTTTTTTTTACCCACACAAGCCGTGTATCGCCAGGCAGCTCCGGTTTAACAGGAACATTCTGCGGTAGTAACTCCGCAGTAGCTCTACACTCAAGCATCAATAAAGGTCAGCGTAGGGCGACCCTCACAGGTAAACTGACAATTCAACAAGACTGGGTCTTTGATACGTGTGGAAATCTAGTGCTAAACGGGAGTGACGCCCCCAGCCAGGACATCTAGTATA,AGGAACTCTCAAAGCTAACCAGATCTCAGGGCAGCAGCCAATTTCATCATTGTTATATATGGTTTTGAAGATATCATAAAAGGGATGATACAGTCACGTATCCGTATGCCTATGGGAATGGACTGCACCTCGCTAGAGCATGGAACGGAGCACGCGATGCCCTATTGCGACTTCCTGGAACTACCTTGAACTATTTTGAGGCTGATTATTTTACCGAATGGTTTGACACTCACAACCCATCTCGCGCAAGGAAGATTCGGTTGTGCAGGAACATTCCGCGGGACTCCCTCCTCAGCAGCACCGGACTCGTTCATCACCACAAGCCACCATAAGTCCAGCCTCACGGGAAAACTGACGGATCATCAAGATGGGGGACGTCATACGAGGGGAGCTATTGTGGTAAACGTTCGTGTCGCCTCCTGCCAGTACAGATAGTTTCTGCGGGTCTGGCCTATGGGAATCTCGTTAATGCAACCCTGTTAAACTATATGATGAGTGCA,ATGTAGGGGATAGTAGGCTTAAGTACAATATGAGAGGGCGGATGCTCTTTCGGCGCTTGGGTGGCCAGAGGACTGCGTTCGTTAACTAGACTGTCTTTCAGATGTACAAGGGGGCTTAATCTGTTGTGCAACAGTGGTTTGGCATCTAATAGTCGCAAGTAATGCATAGACTGGATCGCTCTATTATGGCGTTTACAGGCGCGTACGAGGTCATAGCTGGGACCTCTAGACCTAGCACACTGTGCGATTTCTGTGCGAAATTCAGCCTGATCTGGCCTCGTCAGGGGAACCCTACGCGCACGGAGAACCGGGGTTTCGTCCGTCACTCTGTCCAGACGCCGCGTAAGGTAGCGAATGACTTCACTTCTACTTCACACACTCCTCATGTGAGACTCAGTCGGCAACAAACGGTCTGCGTCAGTTTCTTACCAGTAGCCCGCGATTCCCGCGTGAATATATGCAGTAGATCATGCTCATCACGAGGAACGCCGGAGATACAT,Pigeon,0,UK
PF-018,Goatpox Virus,ACGACCTGACAAGACCAGACCGCCAAGGATCGTATCACGCCCATGCCCCTTACTTACACATGGAGAGTAAGACAAGTCCCAACTTGGTCTATGCTAGCCTATATCCTTAATTTATCACGGAAGGTATTTTTCACAGAATATCATTCTATCAGTGAGTAAGTTTCGGCACAGTGCCTTATTGTTCTAGTCGAACACACGCCCCATTTTTCTAAGGATCAGCTGCCCCCTAAGTAAACAACCTAGGTTCCCAGGACCAATTCAGAGGATTGAGGTTGTATACAGCAGCGCCTCGGAACAACTCGCCGCCGAGTCGTATGTCATGCCTCACAGGCTATCCTCCTTTGTCTCGAAGTTGTGTGTAGCATACGGGACCATGCCGCGTGCCAGATTTACCCTATCCCTTGTCCGAATCGAACGTTCAAGTCAGCGAAAGCGTGCCAGGTATCGGAGAGATAGGGCTGGTGCGTGCATCGGAACGGTGTTGAGTACTGCTTTAGCCGTATTATATATGGGGATGGATCAACGTCGACAAGTCACACTGTGAGGAAAGACTCGGATCCATTGACTATTCGTTCGCGGAGGCGTCATGGTTGATCAAACAGCGATAGGCCCCTCCGACAGCACTTTCAAGGGGTGTCGGTATTGGTCACGTCCCCCTCGGGAAATCAGTTGTAACTACACAGCGCTCTCCGGAATAACTCTTCCCAAAGTCAAGCGGTTATAAAGTAGACCATGTCTTAAAGGACGAGTACTTTAGTATAGGAGAGTTGTCTCATAACCAACGTGACTGTACGCGCCAATATCGGGAATCATGGGCTACGCAACGGACATGGCTTTCACATAAATTTACCGTTGGGGACTCCCACGTATCCCCCGTATGCTGCACTCGGGGGTCTTGTCAGCGCTGGTTAATGCGGACACTAGAGATCCGAAATCCCTCCTCAAACAGGGCCGCTCGGGCTCGCTCAGCTGCTTCCTCATTAACTCGTGGGGATACCGG,AGAATATCATTCTATCAGTGAGTAAGTTTTGGCACAGTGCCTTATGGTACTAGTCGAACACACGCCCCATTTTTCTAAGGATCGGCTGCCACCTAAGTAAACGGCCTACGTTCCCAAGACCAGTTTAGAGGATTCAGGTTGTTTACACCAGCGGCTCGGAACAATTCGCCGCCCCGTTGCATGTCATGCCTCTCACGCTAGCCTCCTTTGTCTCGAAGTTGTGCGTAGCCTACGGGATCACGCCGCGTGCCACATTTACCCTATCGCTTGACTGAATCTAACGATCAAGTCAGAGAAAGCGTGCCAGGTATCGGAGAGATAGGGCTGGTGCGCGCATCGGAACGGTGTTGAGTACTCCTTTAACCGTATTTGATTCGGGGATGGATCAACGTCGAGAAGTCCCAGTGTGAGGAAAGACTCGGATCCATTGACTAGTCGTTCGCGGAGGCGTTTTGGTTGATCAAACAGCGATAGGCCTCTCTGATAGCACTTTCAAGGGG,CCCTGGCTTTCATAGTGAGCATAAGCCTAGTCACAACTTTTTCTATGCTTGCGTACATCGTGAATATGTCACGGATGCTTTTCTCGAGAGAATTCAAGTCTATCCGTCACTAGAATTCACCAAAGTGCGTTATTGGTCTAGTCGAAAGCACGCACCATTTTTCTAGGAGTCAGCGGTGCCCTAAGTAACCAACCAAGGTTTCCATCTGGAATTCACCGCTTTTATCGTGAACACATCAGCTCGGCGGATGTAGACGTCGCCCGGTCAAATCGCCTGGCTCACAGGTGATACTCCTGTGACCAGATGTTTTTTGTAGCAAGTGGGTCCACGGCAAGTGCCTGCTTTACCCTATACAGTGTCCGAATCGCATGTTTAAGTCAGCGTAAAATTGCAAGTTATCGGGGAGATAGACCCTGCGCGTTGAGCTGAACGGTATTGAGTACTGCAACAACTCTGTAATAGCTGGGGATGGAATGACGACTACAGGATACACTATAAGG,GTTAGGGAGCTAAGACCCCCCTAGGTCGGGGCTGGCATAAAGTATGAACTCTATGAAGATCCATTTCTGCTCAGACTAACAACATCCCATCAAGTAGGAATCAGAGCGTCACCTTATCGAACTCATGCGGCAGACGGACAATATTACGAAGGGTCGTCTCCCCCCTAACTTAACAACTCACGTAGGCGGGTTCTGTTGTTCGAAACGCAGCTTTGGAAGGCCACGCTACGGAATACAGTCCAGTCCAGAGATTCCTCACTCCACACGGGTGAGCCCCCCCAAAGTCTGAGTATTGGCTGTGATAAATGCAATTACGGCAACATTCATCCACGATGTACCTATTCCGATACGTGCGCAGATGACTACAAATATACGGCTATAGTTGGAGACCTCGAATACGTACGAGCGGGCGTTCGCTTCAGAGGAATGCTCTTTTCCTAACCTATAAGGGCATCGGGTTATATGCACAAATACGACCAAGAGCAGAGACCGGGAGACGG,Goat,0,India
PF-019,Sheeppox Virus,GTATCCCGCCAATAATAGCTTTAGCAAATGTACAGTCCGCTGATCTGTAGAGTATTTGCCCGAGCGACCGATGGTCCCCGTTGTGGTCCGAGGTACGTACCCGCGCCAGAGAGAGAGAGGTTACTCTTCTTCCACAGCCGCTTCAATAAGGAGGTGTCAGGCGCAATAGATTTACCCAGTGGTCTAGTGTCATCCGTATCATGAACCTCCAACGCTCATGCCGCAGGTTATCTGGCGTACTCGTCTCGCATGTACTGTCTATATGGTTGGAGCTGACCCGTGGAGATGCAAGCTGCCACCCAGGTGTCAGCGGGGGTAGAGTCCCTGTACGTTGGTCGCTATGCACTGACTACGGCTCGAGAGGCTAAGGAATAACAAACGGATCTAATCGCCCATAGTGCTTGGATGTTTCCGGCCAAGAGGTGAGGTACGGAACTTACGTCTTCCATACTAACTACGTCTTGGATTTAACGTTTCCTCCCGTTCTTACTGCCCCGAGTGAGTTAGCTAGATGGTGCAAAGCTTTCCTCAAGTGAGAGGTAATGAAAGCGCAAGCAACCAGTCCGTACGTGGCGGCTGCGGGGCTCTATTGTTCGACGTTACAAGATTCGTCAGAGTTGGTGGATCGTAGCGCTGGCTTGTGAATCAATAACCCTGAATACTTTGGACCACTTGCCCCCTAGGCCCATGGGGAGGGCTGGCCTAGAGGGTGAAACATCTTAAAGACAGGTAGCGCACAGAGTGATCCTGTTTCTACTACACTTACAGTTTCTTGCGAAAGCTCGTACCTAGGGTCCCGTTATCTTTAGCGAATTCAGACGCTACTCACCCGACATTCAATTCATGCTTAAAAGGCGCAGTCGTATTAGATACCAGTTGTTCTGGGGGGCAGAGGTTGACAAAGTGCGGGCTACCTAGGCTTATAGAAACATCATGCTTTATAATGCGTTGCTGGTAGAAAACCAATACGTTGGTCACTATTATTGAGAGCGGATCCTAC,ACCCACTGGTCTAGTGTCATCCGTAGCATAAACCTCCAACGCTCATACCGCAGGCTATCTGGCGTACTCTTCTCGCATTTACTGTCTATATGGTTGGAGCTGACACGTGGAGATGCAAGCTGCCACCCAGGTGTCAGCGGGGGTAGTGTCCCTGTTCGTAGGTCGCTATTCACTGACTACGCCTAGAGAGGCTAAGGAATAGCAAAGGGATCTTATCGCCCATAATGCTTGGATTTTTCCGGCCAAGAGGTGAGGCAGGGAACTTCCGTGTTCCATTCTAACTACGTCTTGGATATAACGTTTCCTCGCGTTCTTACTGTCCCGAGTGAGTTAGCTCGATGGTGCAACACTTTCCTCAAGTGCGATGTAATGAAAGGGCGAGCAACGAGTCCGTAAGGGGCGGCTGCGGGGCTCTGTTTTTCGACGTTACAAGATTCCCCAGAGTTGCTTGATCGTAGCACTGGCTTCTGAATCAATAACCCTGAATACCTGGGACCCTA,GGATGTAATAACCCATTTTGCTTGTAGCTGACAGGCCAAGACGGGAGGAACTGAAGACAAGTCTACACTACTAGCTACGCCTTGTATATATCGTTACCTCATGTACTTTCTGGCCTGTGTGATATAACTCGATGGTGACGCCCTGCTTGCGTGTGAGAGGGAATGAAAACAGAAACAACTAGTCCCTTCGTGGCGGCTGCGTGCGTCTATCGTGCTCCGTTACCATATTCCCCACAGTTTGGTCACAGTAGCGGTGGCTTGTGTATTAATAACCCTGAGGACTTAGGGCCACCCGCCCCCTAGACCGATGGGCTATCCTGGTCTTATAAGTCAAACACCTTAAAGAGAGGTAGCGAACGGAGACAGCCTGTTTTTACTACAATTTCAGTTCATTGCTATAACTCGTACATAGAGTCGCGTTATCGTTAACGAATCGTGACGCTCTTTGGCCACCTTACTATGTATGCAGCGAAGGCGCTGTTGCCTTGAATACAACTCAC,ATATCTAATAGTCAGAGGGGCTGGAGACCTACTCAGTTGCGCACGATGCCCTTACCAAAGAGGTAGAGATTGCGAAGTAGTCACCGGATGTCAGCGAGTGATATGAGTGGACCAAATCGGGCCACGTGTGCGGAGCGGAAGTTCCGTTTTCCAGAGTAACTCAGAGTTGGATGTTCCTTCGCCGCCAGCTGTCACTCCCCGGTGAAAAACTGCATGATAGTGGAATTAGTTCTGAGCTGGAAGGTGTTAGACAGTGTAATTTATGAGAGGAGACTATGTGTCAGCTGGACCTTAGTGATCAACATGCATATACGCGTGTGTGTTAGGTGGCAGTAGCCTTTTAGTTCTATGTTTCGAGGCTATCAAACTGGCAGGACGTTCCAGGTACGCGCCTCGATGCTTCGGCACTGACGGTGGCTTCTCTTTAAAGTAAAGAGTACTCCAATGTGATGCCACTTCGTCAAATCGTGCTATCTCGTGCTAAGACCTGTACCTAGCAT,Sheep,0,India
PB-020,Orf Virus,GCTACAAGGATTGATAACTAATCCGGCTCCAACTGGAGGATGTGGAGTATTGCGTTTCTATAGGCAAAAGCTGACCCAAACAAATTCATCGAACTAGGGATGACTGTTATGTTAAGGATGGCCTTTGGATGAATAACGAGCGAAACAGGGAAGCGCTCCGCAGTTGCTCCAGCAATTGAGCACGTTGTGAGGGAATGTATAAAATCGGGAACCAGTAATAGTCCATTCCGGGTGCGTAGGCAGTAAACATCGAGTCTCCAATTGAGGAGTCCATCCAGAATACGGACGTGATGAGCAGAAGCCCTCTCAGGAGTATTACATCAAGTGCGGGGTGACTCCAAGGCTCCGTACTAGTTCGGCCTGGCATTAAAGACCACTTCAGTGGAGTTATCGCTGTAAAAAACCGTGAAGTCAATCCTCACTGTAAATTCGTTCTTCCCATGGTTTGACCTCAGTTCCAAGCGCAATGGAGCCGTGAAGCTCTTCGTTCTACCCCATATTCCGAGGGTGCGACTTATGTGAAAAGCCATTGTAACCCAGTGGATTACGGCGGCGCCTTAAGCTCAGGTTGCCGAGCACAGGCCCGTCTCATTATCCGTGGATAATAGTCAAGCGTAGGGTTAGGAAGTAAGCGCGTCTCATCACCTACGCGGAACTAAGGACATACCAATTTTGGGCGTATATAAACGGTCTAAATCAGATGGTTCCTATATACCCATGAGCGCCTTTTACATAAATATTGGGCCCATCAGGGAAAGGGATCGCTTAGTACGCATATGTACAATCGAAGGTATAGAGGTCTCAAACTGCATTCCATCGAAATTATCATTCATTCGGATTATCCGTGTATGCCTGGCACTTCGGTCTCAAACATTGGAAACCTTCTCTAACGGCTGCAGACACTGCGTTATCGGCCCGTCTCTGTCATGACGGACCGTCATTGAGCGGTAAAGCTGTTCCAAAGTGTAAAACCAGCATTCACAGCTTAATTGCGCAGAGT,CTAAAGCTGACCCAAACAAATTAATCGCACTAGGAATTCCTGTTATATTAAGAATGGCCTTTGGATGTATAACGAGCGAAACAGGGAAGCGCCCCGCAGTTGCTCAAGCAATTGAGCACGCTGTTAAGGACTGTATAAAATGGGGAACAAATAATAGTCCACTCCGGTTGCCTAGCCAGTAAACATCGAGTCTCCAATTGTTGAGTCGATCCAGACTAGGGACGTGAAGAGCAAAAGCCCTCTCAGGAGTATTACATCCAGTGCGGGGTGACTCCAAGTCTCCGTACGAGTTCGGCCTGGCATTAAAGACCACTTCTGTGGATTTATCGCTGTAAAAAACCGTAAAGTCAATCCTCACTGTAAATTCGTTCGTCCCATGGTTTGAGCTCAATTCCATTCGCAATGGAGCCGAGAAGCTCTTCCTTCTACCCCATATTCCAAGGGTGCGACTTATGTGTAAAGCCAATAGAACCCAGTGGATTACGCCGGAGCCTTTAGCT,GATAGCGAGGTTAAGTATTCAATTGGAAACTAGGAATCCTACATTACGGGTGGCTTTTCATTAGACTTCAACGCCGCGTTTGAGGAGTACAGGCAGAATACGCACCTGGTGACCTGACGCACTCTTCGGATTATTTCATCAAGTGCGGGGCGACCTTAAGGCTCCGAACTATACTGGCCTTGCACTAAAAACTGCTAGAGTGGAGTTATAGCTCTGAAAAAGCGGGCAGTCAACCCTCAATGTAAGTTCGGCCTCCTGATCGGTTGACATCAGTTGCAGGCTCAATGGAGCTTTGAAGCTCTTGGTTATCCCACATAAACCGAAGGAGCGACTTATAGGAAAAGCTCACGAAACCTAGTGCAATATGTAGTGGCCTTAAGCCTAGATCGTCAGGCACAGGACCCTCCCACGCCCCCTGCATACTGCTGAAGCCACGGGTTAGGAACTATGCGCACATGATCACCTACGCAGGCCTCAAAAACCACCAGTATTGTTCGAAT,GATCGCTCATTCTATAAGTGTTAGTTGTGATCAGAACGGAGAGGGGAGGAATAACCGGAGAAAAAGAGTAGCGCTTTGAAGTGTCAAGCGCGATTGGGGGTGCATTGCGGGCGAGTATTAGACAGGGAAAGGTAAAACGTCGATTGCGGGAGAGTAGGCAGCATGCACTACGATTGGTCATCATTTGTCGACCAAATACACGAAGGTTAATGGTTGGGAACCGGGCGAGAGTAGTTACCCAAGACAGGGGCGAGATGACAGCCTCGGCTGGGTGTCGTAGGACAATTTCCCAAACTTAAGCCGAGTAAAAGCTTGTGAATATCTATTCTGCGCTCCAGACTCTAACTTCCCACACACCAGCGTACAGCCTATATAATCGTCACAATTCCCTCGTGAATCTCTCCTGTCGGCCACGTAGATCCCGGAGGCGACCGCTATGTGGACCCATCCGACCCCAGGGGTCAGGGACTCCATGTTACCGTGAACTGCATTAACACGGC,Sheep,0,UK
PF-021,Duck Hepatitis Virus,GATACACCGAACGAATACTTCTCCGGTTATTAACGGAGCATCACGTGCATTGCGTTTAAATCTGCAAAATATAAAGAAAATTTCGGCAGCCAGGTAGCGATCAAGTTTATGTTTAAGCGCGCATTAAGAAGGTTACCGAGTAACCAAGTACAGCGCATAAAAGCATCGCCAACATTAGAGAGCGCTGCGTATAGACTCACCAATTCGGCGAGCATTGGTAGCAAGTTACCAGTGGAGCGAAGCGAAAGATCAAGTAGCCAATCTAAGGATACAACCGGTAGACGGTCTTAATGAGCAGTTCCACTATGAGGTGTATTCTATAAATTGCCGGGTTACGCCTATACTATTTAGGAGGTCAGCGGCACATTAAATTCCGGATTATCGGAGTGTCCGCGGTCAAAAAACCTGAAGTCAATGCTTAATCGTAATACGTTCCACCCATTGTCTGCGCTGGGTCCACACACGACAGTAACGGATAAATTCTCCCTTCTACCACCTTTGTAGTTAGGATGAGATAGATGAAAGCTCATTGTACCACTGTACTAACCCCGTACAACGTCCGTGAATCTCGAACGAACCGAGCGTTTTGCGATAATTGTTGTTAACCGACAATTGCCGTCTTAGGATATAAGGGTCCCTTTTCACTTAGACCGGGCACAGCGAGGACCAATTCTCAAAATATCTTCTGGCTCTAAGTATTACGGTTGTTTCCTGCGCATGAACTACGTTCAAAAGAAGCTTTTGCCATTGCGGTCCAAGAATACCTAGCTAAGCCGAAGACCATTAGTACCCATACAAGGCTCATCCTTGCATGCAACCCATTTAACCATTATCCGCTTAAGTGCCATCTTTGCGACCCTTCTCTCTTAAGACTTCGATCACGACATTAATTGATAGAGACGCTCCGAACACGGCGCGCGTCTACAATGACAGCGATTCCATACCCTGTTAACTTTTTTCAAAAACTGACAGCATCTTTCGCATATTCGTTGCGTATAGT,GAACGCAAGACGGTCTTAAGGAGGGGTCGCAGTATGAGGTGTATTCTATAAATTGCCGGGTTACGCCTATAATATTTAGGAGGTCAGCGGCACATTAAATTCCGCGTTAAGGGAGCGTTCGCTGTCAAAAGACCTGAAGTCAATTCTTAATCGTACTCCGTTCCACCCATTGTCTGCGCTTGGTCCACACACGACAGTAACGGATAAAATCTCCCTTCTACCACCTTTGTAGTTAGGATGAGATACATGAAAGCCCATTCTACCACTGTACTAACCCCGCACAACTTCCGTGAATCTCGAACGAACCGAGCGTTTTGCGATAATTGTTGGTAACCGACAACAGCCATCTTAGGACATAAGGGTCCCTTTTCACTAGGACCGCGCACACAGGGGACCAATTATCCAACTATCTTCCGGCTCTAAGTATTACGGTTGTTTCCTGCCCATGAACTACGTTCAGAAGAAGCTTTCGCCATTGCGGACTAAGAATACCTGGCTAA,TATACTATTCAGGTGGTGTGCGGTGAACATAGTACCGGAGTCACGGAGTGTCCGCTATCAGATAATCTGCAGCAAAAGCTTCACCGTAATACTTTCCTTACATTGTCTATGATGAGCCTGGACACTACAGTAATGGAACAATTCACCCTTTTACCAGCTTTGTGGTCTTGCTCTGGTAGACCGACGCTCATTGTATAACTGGTCCAGAGCCGTACAACGTTCTTCAATATCGTCCGAGTCGTGCGTTTTGGGATATTGGTTATTACCGGATACTAGCCTTCTCAAGATATAAGCGACGCTCGTCAAGTACGCCAAGCACAGCGTAGACCAATTCTTAAAATATCTTGTGCTTCTCAGTGGGTCGGAAGCGTCTTCCCCGGGATCTGCGTTCTGAATAAGCTCTTGACAGTGCGGTCGAAGAACACCGATCTAAGGCCATGACCTTCATAAAACTTGCAAGGCTAACCCGTGCATCGAAGCACTCTAACAATTATCCGCTT,TTAAACTCCGATATATTGCACGCACCGCTAGCAAGTGAAGACCGGAGCGAAGCATAAGGCGAAGTCGTCACATTACTCATCTAACCAGGATCCATGCTTAGGCAGCGAGCGGACACCGAGGTCGCTTCGTTAATTTGGCAGGTCAACGCTACACAGGTTCTAGGTGTGGTCCTACATGTAAGACCATTTCTGAGGCCTGCCTGCAGTAAATAACACGGAAGTCACGGGGGTCTAGTACATCTTTTTAGCCGAAAGCTGTGGTTGGGGACCTCGGCACCGGGCTGAATGAGCTTTAACATCGACTTCCGTATCTATTGAAAATGGTTGGAGGGACGGGCATTCCCACAAGGTTCGTATCCCGAGTATCTACGGTCTTACTGGTACTAACCGAGCGTTATGCTGCACACGTATTGGCATACCTATGCACGCGGAGGCATAAAACGCGCCCTTTTCATGCAGGCCGTCCTGAGGGGTGATTGATAGTGTGCTAATGTCTTACG,Duck,0,USA
PB-022,Infectious Bronchitis Virus,GCTACACGGTTTGATTAAATCTGCGTTAAATAATAAAGAAGTTGTGTCACATTGTTTAAATCGCCAACTTAATACGCATACTCGGGCTTCGAAATTGCCCTGACGGTAGTGTGTATGCGCGCATAGTGAGAATTGATGGGCGACCAAGGGAAGCCCACATCAGGTTCTCTATCAGTAGTAAGGTTCCTGAAGTACTGAACCAACCATGCCATGATTGGTTGCACCGTAAGGGTTTGGTGGAGGCGAACGTGGAGCCGCCTTTCGTTGGAACGGTCCGGAAGTCGGTCTTAGGCGGCACAATTCCGATCAAATTTAGTCGATCAAGTACGGAGTGTCGCATAGACCAGGTGATGAGTAAACCTGCCTCTAAGATCCACATCATCAGATCGTTCTCAGAAAAGTACCGTGAAGTCTGTGCGCCAGTTTAATACGAGCTTCCCATCGTCTGCTCGAGGTCCGTATCCCTCGGGGCCAGTAATATCTGAGCTTCAACCACCATTTTAGTGGGGCGGCAGTACATGATAGACAGGTGTAGCATTGTTTAATACATGAGCGGCGTTGGCTCAGCGCTCCTGAACCAGTCCCGTCTCATTATCTGAGGTTGATAGATAAATACTGGGTGGTGATAGATTGGTATTTTATCTCCCAAGCCGGGCCCATCACTGATCTGTAATGTGGCCAATGTCTAGATCCAACTATGATGGATATGGTAAAATCAAGGGGCACCTATACAAAAACTTCATGTCCTTCCGACCCATAGTTCGCCTACTACTCAAAAGAACACTAGCATGCATAGTCTCCTCATCCTCCATGCCACCCAAATTATAGTTCCTGCGAACAACAGGTCAAGGCATGACCCTTGAATCGTAAAAGTTGGAAGCATACATCAACCGTCAGTGGCCCTACGAAACCAGCTCGAGTCGACAAAGACACTGCTTCCTTACGCCGTTGAACGACACCAAGAACTGAGTAGAGCTTCCACAGCATAGTTGGCGACATT,TCTAAATTGCCCTGACGGTTGTGTGTATGCGCGCTTAGTGAGGATTGACGAGCGACCAAGGGAAGTACCCATCAGTTTCTCTATCAGTAGTAGGGTTCATGAAGTACTGAGCCAACCATGCCATGATTGATTGCACCGTAAGGGTTTGGAGGAGGCGAACGTGGAGCCCCCTTTCGTTGGAACGGTCCGGAAGTCGGGCCTAGGCAGCACAAGTCCGATCAAATTTAGTCGATCAAGTACGTACTGTCGCATATACCAGGTGATGAGTAAACCAGTCTCTAAGATCCAGCTCATCAGATGATTCTCAGAAAAGGACCGTGAAGTCTGTGCCCCAGTTTACCACGAGCTTCCCATCGTCCGCTCGAGGTCCGTATCCCTGGAGGCGAGTAATATCCGAGCATCAACCACTATTTTAGAGAGGCGGGAATACATGATAGACTGGTGTAGCATTGTTTAATACAGGAGCCCCATTGGCTCAGGGCTCCTGAACCAGTCCCGTC,CCATAAGGATCTCTATCGGTAGTTAGGTTGTGGGTGTTTTGTACCAGCTACGACTTAATGGGTTGTACGTTAAGCCCGTGAAGTATACGAACGTGGAACTGCTTTGCGTATGGATGGTCCGGATGTCCGTCTTGGAGGGCCCGCTTCTGATCAAATGCAATTAACCAAGTACGGAGTGTCGGGTAGACTTGATGATTAATAAACCTTCCGCTAAGATCAACATCTTCAGAGCGGCATCACAGACGTTCCGTGAAGTCCGGGGGCCAGTTTAATACGAGCTTACCACTTACTGCCCGTGGTCCGTATCCTTCCGGGACAGTGGTATCTCAGACGTAACCACTCCGCTAAATCGACGGGCGTACATTAAAGAGACGAGTACGTTTATTTATTGCTTGGGCTCCGTTAGCTCCCCGGTCACGATCCAGTCCAGTCTCATTATCTGCGGTAGGTATTTAAACACCGGGAGGTCATAGCACCGTAGCCTCTCTCTCATGCAGGCC,GCGCGAGCACGACCCGACTCTTAGAAGCTATAGTACGAGTACGTCTATAATTGAGAAATAGCTAGAGCCAAGTTCGATTCGTAAGTGATGGGGGTTCGGCTCCCCAAAGCCCCCACCGACTTGTTAACACGGATTGAGGAGTCCATATTGGAGCTGCAAGCTAGAGCAATCGACCGCTCTGGCACGCACCACGCCAGCACTGTGTTGTTCCCAAACTCTATATCCGACTGTAAGTGGGGTCCTAACGTCTCACGGCCTCAATGGTTAAAATACGATTGCAACCTGTCCACAGTATATGTACGACTCAAATGTGCGGACCCCAGTACAGCTCACGGCTGATGCGGACGACCCACACACTGCTACCGTTGGACAACATGACACGGTAATCACCATGAATCGTTAAACATCAATCGCATCATGTTACGTCAGTATTGCGAATGAATAGGCTGTACTCAAGTGGGGCCGCGCTCAGTTACGACCATAAACGACATTAATTACGT,Chicken,0,UK
PB-023,Feline Panleukopenia Virus,TCCCATGAGGTTAATGTTGGTTTGTTAATAGGTCAGGGGCCGCTTTATTTTAACAATGTGCAATATTCGATCTCAATACCCATTAAAGGCCTCACGGTGTCGCAGGTAGTCATATCGGCGTTACTCGCGTCGCGTTTAGTTCGACCAGAGAGGCACTACAGAGGTATCTTTTATTGACGTACGGTGTCTACGTACCAAGCTTGAAGTAGTCGTAACGACTTCGCCTGTTGTACGGGTGTACCGGCTGCTGTTAGCGCATTGACCTTTACCGGAATGTCTTCCAGTCCCATTACACTATGGAATGAGTCCATACGGGGTGTATAGAGTTCGGTGTAAGTCATCTATAAGAGTCGGGTGCCGGCCGATTCCAGGAATACACTGACGGCTTTCCCACAGTCCCTACAACTACGCATAGCGACGATACCAGTCGCCCCCAAAAGAGTCTATTGATTGGCGCGTTACCGCCTGGCTAGCCAATGTGCATAGTCAATGACGGGCCTGAGTAAATCGACAAGCATATCACTCGCCTTAATCTTTACAACAGGACGCAGAACTTACATAGGCCAATTCAAAAATGACGTTAGGAATAGATGGTAAAACTTATTCCCTAGCATCCCGGCCGGAACTGGGGCCAACCCGAATAACTCATAGTGAGGGTTTCAGCGATTCGGTTGGAGTTAAACGAATGCGTTTTAGCGCCGTGGCACGTTAGCCAGCCAAATGCCGAGTCGTAGTGACTTCATGCCGTGGCTTCTCACAGGATGGACTTGGTTTTATTAGACCGCAACGACCAGAGGATGACGGACCGGAGTTATCTCCCCTTGGGTATAAAACCAAGTTTGCTGCGGAGTTCCCTTAAAGACGTTGGTAAATGAGCGTGCTATCGATATGTATCTCGACTTGCCCCACGGTCGTAACAGCTGGTACCTGTGAACTAATTGTGGGGCAATTTTAGACAGTCAGAGCACAGACAGTAAATTTGTAAGCTTACCGTGGTTGA,ATGTTGGTTTGTTACTAGGTCAGGGGCCGAGTTACTTTAGCAATGTGCAATATTCGATCCCAATACCCATTAAGGGCCTCACGGTGTCGCACGTAAACATAACGGCGTTTCTCGCGTGGCGATCAGTTCGACCAGTAATGCTCTACAGAGGTAACTTTAATTGACGTACGGTGTCTACGTACCAAGCTTGCAATAGTCGTAACGAATTCGCCTGTTGTACGGGTGGACCGGCTGCAAGTAGCGCATTGATCTTTACCGGAATGTCCTCCAGTCCCATTACACTATGGAATGAGTCCAACCCCGGTGTATAGAGTTCGGTGTAAGTCGTCTATAAGAGTCGGGTGCTGGCCGATTCCAGGAATACATTGACTGCTTTCCCACAGTCCCTACGACTACATATAGCGACGATGCCAGTCCCCCCCTAAAGAGTCTGATGATTGGCGCGCTACCGCCGGGCTAGCCAATGTGCATAGTCAATGCCGCGCCTGAGTAAATCGACA,TTGGCCCCTCTACCCACACGATTATTTCTTCTTTTACCTTTACGCTATGCATTCGCTAACCACGGGCTGTGCTCAGATCGGAATCAGTCATCTATAACTGTCGGGAGCTAGCCTATTCAAGGACTAGAGTGATTACTTTCCCTGAGTTCCTGCAACTACGAATGGGAACAGTACCAGCCCGCCGCAAACGAGTTTACTTAATCGCGCGGTACCGCCTGGGTAACAAACGTCCATAGGGATCGCCGTGCCGGCGTACAACGCCTGGCATCTCCCTCGCCCTCCTCCTTACATCAGGTCGCAGAACGTACATTGGCTAATTCAAGAATTAAGCCGGGACAATATCGTTTAACTAGTTCCTTTGCTGCCCCGCCGGAACTGCCGCCAGCCCGAATATCTTATAGTGAGGGCCTCAGCAGTTCCGTTGGAGTTACACTAGGGAATTTTTGCGCCGAGGCATGTTAGGCAGGCATAGGGCGAGGCGTAGCGACTATAAGCCGCCG,GGCATGCTCGAAGTTTTATGCGTACTGACATACCGCAGAACAGTGTCAGGTGTAGCCTCAGCAATGTTTGCGTGCCACCGACGTATATTTATCTGGGCATAACGGCACCAGGCGAGCCCAGAGCGGGCGTCATCTGGTAAGCGACTGCGGGGCATACCACCAGAGCTACGATTCTTAGTTTCTATAGGACACTTCAACCCTAACAGAGTGGAACGATGAGACCCAGACCACGGATCCCGACGAGGGGGGTGGTCAACGCAAGGCATGAGTATCTGCGCAAGCAGATAACCCATCTGAGTTCTACCGCAGTGGAGCACGACTTAATCCGAGGAATATAAAAACGTCGATTGCCGTAGGCGGATGAAGCGTGCCGCGAGTAGCACAGCGCGACCGTGAGCTAACCACAACACTTAATTTTGGGGGTGTAATCAATTAGGTCGCTGGATCGCGTAAGCAGAATCCCTGTGGTGCACGTGAGACAACTAACTGCGGTGTCTTTA,Cat,0,USA
PV-024,Canine Herpesvirus,AAGTCCTGTTGGTTGCAAGAGTGCTGACATGGCTTGGCGGAGCTGGGGAGAGAAGCTAAACCAGGGGCATAACAAGCGAGTCACGCTTTGCCCTTTCAAGCTTTTCGGCATTGTAGACAGCCGCTTCTCTTCTCGGATTTTATTACCGAGTCCTGATGGCTTTAAGATCATACTCTAATTTATCTCGATGCTGTGGGGACCAGTTGATAACTGCCCGGGGTAAGCTGTTGCAGGGGGGAGGCACGGTGTAGGCTAGATGCATCGCGATGCATCGCTAAACGCTCGCGCCAAGCAGAAAAGATCGGGGCGATGTCCCGTCTCCAGCCCTCGGATAGGATCGATAGATCAACCTTCAGTGATGCGCGCGTGATCATATACTAGTCTCAAAGAGCCCCGGTGCCTAATGTCTGCAATTCAAAAGGGCGGTTACAGCTTTGAGCAGAAAGGAACATGCCAGGCCAATCGCTGCTACTGATTTTGCCATTAATCTTTGTCAGATTGCTGCATCTCCGTACGGGATGACAGTCCACATACCAATGTGAAACGACCCCCAAGGTTGTTGTAACTAATTGTACTAAGGTTGATTCGGGGCTGGGGTCTTGGGTTTGCCTCCTCCTGCTAACTTTTGTTGAGCATCTGGTACCCAGGCCGAGCAAGGTTGCGAACCAAGCGGAGCTTGGCTCTGACTCCGTGTCACGAAGAAGACCATCACAAGCCGTTCTAGTATGCACAACGACTTAAACCAGTATTTTTATCGTTCGGCTGCTGTATCCCGTTGTAAGGGGGGCTATACTAAGACTAACCACCATCTCGTTCCTATGCATCACGTATTGGTGGGTCAACAGGGGGCATAATGTGAATTTTCCTGCAAACCAGCCGCATCGCCCCCCTATCCTGACGACGTCGTCACCCTCCATAGGACTCGTACGTACCCCGTGTCGGGTCTTGCTCGTTGTGGGTCCTCTTAGCCCTCCTAGGCATTGACAAGTGGGTATGCTGG,CTGCCCCGTGTAACCTGTTGCAGGAGGGAGGCACGTTGTAGCCTAGATGCATCGCGATACACCGCTACACGCTCGCACCAAGCAGATAAGATCGGGGCGATGTCCCGTCTCCAACCCGCGGACAGGATCGTTAGATCAACCTTCAGTCAAGCGCGCGTGATCATATACTAGTCTCGAAGAGTCCCGTTGCCTAATGTCTGCAACTCAAAAGGGCGGTTACAGCTTTGACCAGAAATCAACATACCAAGCCAATCGCTGGTACTGATTTTGCCACTAATCTTTGTCAGAATGCTGCATCTACGTACGGTATGACGGTCCACATACCAATGTGAAAAGACCCTCAAGGTTGTTGTAACTAATTGTACTATGGTGGATACGGGCCTGGGGTCTTGGGTTTACCTCCTCCTGCTAACTTTTGAGGAGCATCTTGTACCCAAGCCGAGCAAGGTTTCGAACCAAGCGGAGCTTGGCTCTGTGCCCGTGGCATGAATAAGACCATC,AATCTTCAGTGAACCGGGTTTGATCAGATACTAGACCCAATTTCGGCTTGTGCCAAATGCATTCAATTAAAAAGCGCGGATGCAACTTCGAGCAGAACGGAGCATCCCTGCTCAATTGCTGGTACCGATTGTTCCATTCCTGTTTGTCAGGTTGTCTTCAGGCCGGACAGCATGACATTACACATAGCAAGGTGAATCTCCCCCCACAGGTGTGTTAGTTGCTTGTCCCATGGTTGCATCGAGGCTGGGGTCTCGTGTGCGGCGCCTCCTGATACCCGTTGTTAACAAAATGGTACCCAGGCCGATCAAATTTGCGGCCCCGTCGGAGCTTTGCTGTGACTGCGAGGCACGAAGGATAGGATAAGAAGCATTTATAGCAGGCCCATCGACATCAGCCAGTTTTAATTCCATTAGACTGGTACAACGCGTTGGAAGGGGTGAGATACTAAGACGAACTCCCATATCTTTACTTTTCCTCATGTATTGGTCGCCCAACACGG,GCCATTCAGAGATGGCCTTAGGGAGCGCCTCCCGGGGAGATACAGGTTGTATGATATAAGTACAGCGTTGTGTAGTTAAATCCTCAAGCAAATAAGATCAGCTCCGAGAGAGCTCCCGGCTTCCACGTACGGACGGGCTCACTTGGGGGACCCCCGCTTATGACCGTGGCTCGCGGCTCCCCGATGAACAGATTCAGCTGCATAGTGCCTGCATTGTTGCAGATGGGATACGCCTTCATCCTGCTAGAGAACTGTCCCGACACAAGCGCACAATGTTTCGTCCTATAAACGTTGGAAATTCCATTGCTACGACAACAGGATGAAGGTGAATATGTCCCGTTGAAATTGTACACAAGGTCGATGCACTTGATAGCAGTAACATGGAGTCGCATCTCGACTGTTGGTAATCGCGATTCTACCCAGTTCTTTTGTAGCTCCTTATACGCAGGTCGAGCATGGGTACTCAAGCCGCAATCCTGCCGAGGACTGCAGTGACACTA,Dog,0,Germany
PF-025,Bluetongue Virus,GCGCCACACCTGTGTCCGGGTTAGTATAAGGTGACCGCGCTTTCCGGTAAATTAACTGTCTAAGAGCGCCATAGCAATGCTGCCTCGCCAAACTAGCAACGGTGTTCACAGGGACGACCTATATAAATTCCCCCCTGCTTCGGCTCGGAGCTTTTGAATCGAACGGTGCTTGATCCGAAGTGTCTCCTGTCGCGCTTTCGTGTCAGACAGAACAGGCAGCCAGCCAGCAAGCACAACCGCTTTAATAGAAATCAAGACAGAACGGGTTTCCTTTCAGGTTCAAGCTTACGAGCATCACCATCCGGGGGTACCATAGGCCAATACACGTAACTTGGAGAAGCTTCGGTCCTCAGGCGTGATCCTCACGCTACGTACCATGTAATGCAGATGGAAAAGCTAGATGAAGGGTTCATCGTCAACACTTAATGGTACCGTGGCACAAGAGACAAGGGAAGCACCTTCTGTAGCAAGCGGCTTCCGTTTTCCCGCTTCGTCTAAGTGATGACCATAATTGGTGGCTTTGCTATCTATATCTCCGGCAGTTCATGAGCGGGGTACACTTTTTGAGTTCTGTCGTAGCTCGATTGGGTTGTGTTCTGCATGTCGAGTCTACCGCATCTGGTGTTTCACAGCCACGAACACTCGCCTGGGGGCCACTTCGTAGACCTGACGTTGGTACATGGAGGAACCTAGTGGGATCTCCAACAGTGGGATTGATGCCTTTTATTGGGACAACGATTCCTGCGGCGTGGTTTAGTATATGTTCCGCAACGCGATTAGATTTAGTGTTAACTGTGCCCTATGGTTAACATCTTAAGAATCCTTGCGACCGAAAATCGTGTAATTCGCAATTGGATAAATGCACTGGTGTACGTGCACACGCCGCGCCCAGCCCTGTCTCTCTCCGTTTGAGCCAAGCGTATGCGAACCTACTTGCCTCCAGGTACGATAGTGGTCCAGCATCCTCACTTTAAACACCATTCGGTTGGGGGGGGAGTCT,CAAGAAACAAGGGAAGCACCTTCTCTAGCAAGCGTCTTCCGTTTTCCCGCTTCGACTCAGTAAGGACCTTAGTTGGTGGCTTTGCTATCTATATCTACGGCAGTTCATGAGCTGGGTACAGTTTTTGAGTTCTTTCGTCGCTCAATTGGGTGGTGTTCTGCATGTCGAGTCTACCTCAGATGTTGTTTCACAGCCACGAACACTGCCCTGGGGGCCACTTCGTAGACCTGACTTTGGTACACGGAGGAACCTAGCGGGATCTCCAACAGTAGGATTGATGCCTATTATTGGGACATCTATTCCTGCGGCGTCGTTTAGTATATGTTCCGCAACGCGATTAGATTTAATGTTAACTGTGCCGTTAGGTTAACATCTTAAGATACCTTGCGACTGAAAATCGTGTAATTCGCAATTGGATATATGCACTGGCGTACGTGCGCACGCCGCGCCCAACCCTATCCCCCGCCGTTTGAGCGAAGCGTAGGCGAAAGTACTCGCCT,GCAGGAAAGATGTATACATCTTACCCCCAATATCCCCTCGGATCATATGTATCGAATAGTGTTCCATCCGATGTGTGCCCTTTCGTGCGTACGATTCCGACCGAACAGGTAGCAAGCCCGCAAGGACAACGGCTTTATTAGATGTCTAGATATATCGGGTATTCTTTCAGGTGCATGGTTACGACCATCAACGGCCGACCGTAACATATGCAAATACACGTAACTGGGCGATACTGCGTTCTTTATGAGTCACCCTCCCGCTACGGACAGTGTAGTGCAGAGGGAAAAAATAGGTCAAGGCATGATGGTAATCACTTAACGACTCTGTGGCCCAAAAGCCAAGTTAAGCGGCTTCTGTGGCAAACCCCCTCCGGAAAGTCTCTTTGTTAAAGCGGTGATCATGCTTGATGGTTTGGCTATCTACTTCTCCCGCAGCTGAGGAGCGTGGCAATCTTTTCCCGTTTTTTCCGAGCCAGATTGGTGTCTATACAGCATGTCGA,GACTTTCTAGGCCGCAACTGGCGACTCGACGATCAGCGCACAATAGACACAACCTTTGTGGAAGGTGTTCCGTTCTTCCATGTAGTAGTTGTTAAGCCATGTTTACTGTTGCAACCTCCGCTCAGCCTGCTGTGCGTGCTAGCTCGCAAGCCCATTAGGTATTAACGAATTTGATAGAAAATGGGGTTCCGTTCCCGTTTCGGCTATCACGCATCGTCTTCGAACAATAACGCACGCTATCACTCACCCACAGGTGAATCGGTGGTGCGGCTGGGTGGTCCTTTCGCTTCCGAGAATGTAATGATGGCGGAAAGGCCATACGAACATTAGTTGGTAAATGCCCAACGGATCCAAAGTACACGAGCAGGGTAATTGAATTTCGGGCTCCCCCTTTTACCATGCATCCGATCCATCCATTTTATTACAATAATAGGGGGCGTGACCTTCTATACTTTGGTAACCTCATGGGAGACTTTCGAATCTTGTATTCAATCGTCGCT,Sheep,0,South Africa
PF-026,Epizootic Hemorrhagic Disease Virus,GGGATTGTCCAAGCGTGCCTTCAACACTTCTAGATAAAGGATCTGAAGTGTGGCACCCTATCCCATCTTGCCTACCATTTTTTGCGCATCAGAGACCCAAGTGGAGCAGGAAACAAAACTGTATACGAGGCATGCTCCGATGGTGCCCTTACACCTACATCCACCTGGCCTCGCGCCCCAATAAACACTAAAATGATGCTAGTTTTCTTCTGCCTGCGGGACGTCCTCCGGAAGTTGTAGTCAGAATATACCGAGTCAAGATAGTACCGTATGCTCACCAAAGCAAATTAGCGACATTCCTTTCATGCCCGGGTGTGCGTGCGCGATGTGCGCATTAACGCAGACCGTTCGGATAGATGGACTAAACTAAACATCCGAGCTTGGAAACGCCGATCGGTTAAGATGCGCACACGGCGCCCTCGGCCGGCCCAATGTCGGAGGGTTGCACTTATGGGGTCGATGCGAATGGGAGCAGTGTCGTGTGACCCTAATTCACTTTGCACGACCTTGACCTCTTACAGCAGGCAGGTTACTCCTGTGCCCATGCCCTCTTTACTCCTCCATGAACTCCCGGAAGGAGGCTAGTCTCTGCAGCCGCCACCTTCGGGGAATGAGCTCACGGTGGCTAAAAAAGACATTAACGCGGTGAAAGCAACGATGGATATAATAGTTTTGACGTAAACAATGGACGTAATCACACTAAAGCATGCGGTTTAGTGACCAGTCGGTGGTTGGCGATGTCGGTATTGGTTGTTTTTGTCTACGGTTGTCAAAACGGTACAACAACAAGGACGCTTGGAATTTCGCGCGGTGTCAAGGGCATCTCTCGGTCAGCAGACTCGTGGGCGGGCTGGTACAATGAGGGATAAGGCGTGAATACGTAGCAACACCAGACGAATCCTATTCTACGCCACCGAGATGGAACTCATACCAACAAAAATAATCCAGAGTTCTCGGCCTCCAACAGAGTTCAGTCACGAGCGAGGAACCATTGAGCCCC,AATTCACTTGGAACGACCTTGACTTATCACAGCAGGCAGGTTATTCACGTGCCCATGCCCTCTTTACTCGTCAATGAACTCTCGGAAGAAGGCTAGACTCTGCAGCCGCCACCTTCGGGGAATGTGCTCACGGTGGCTAAAAAAGACATTAACGCGGTATGAGCAACGATCGATATATTAGTTTTGCCGTAAGCAATCGACGTAATCACACAAAGCCATGCGGTTTAGGGACCAGTCGGTGCTTGGCGAGGTCAGTATTGGTTGTTTATGTCTACGGTTGCCGAAACGGTACAATAACAAGGTCTCTTGGAATTTCGCGCGATGTCAAGTGCATCTCTCGGTCGGCAGACTCGTGGGCGTGCTGGTACAATGAGGGATAAGGCGTGAATTCGTTGCAACACCAGACGAATCCAATTCTACGCCACCGAGATGGAACTCATAGCAACGAAAAAAATCCAGAATCCTCGGCCTCCATCACAGTTCAGTCACGAGCGGGGAAC,CTAACAAGCTGCGAGTTTTTGTGTGGCTGACTCATGACCTTCGCGGTTTATACTGAGATTATGCCGTGTCGGGTTAGTCCAGCATGAATACCAAATCAGATTATCGCCATTCCGGTAACGACCGTCTGTGCATGTGCTATTTGCGGACTAACGCAGACCATTCGCATAGATATGCTTGGCTAAACATCCGTGCCTGGCAGGGCTGAGCGGTTAAGATGAACAAGCGTCGCTCTCGGTCGACCAAGTCGAGGGGGGTCTACGGTATAGGGCCGCTGGTCCTGGAAGCAGTGACTTGCGACCCAAACTCAGTATCCCCGGACGTTACCTCTCACCGGTTACTGGTTACTCCGTTTCTCAGACCCTCTCTCCTGCTCCATGAACTCTCGGAAGGAGTCTAGTCTCGGCAGCCGCCACCCACTGTGAATGAGGTCTCGTTCACTAAAATACAAATAAACATGGTGAAAGTTACGATCGGTAGTATAGTTGTGGCGTAAACAACG,CAAGCATGGCTCGATACCCGATCGACGTTTGCTGCTTGAGTCAATGTGTACGGGTTGCAGAATAATATAACACTGTCAAATGAGGAAATGGGGTACGTGGAAGACACGCTATTTGCCGCCTCTCCCTACCACTCGAAGCTGGGAATGCGTGTTTGGGAAGGTGCGAAGGGGAGCAGGGACGTATTGTGTTTAACGTCTCTGATCGTATATAAACTGCTACTCATATCAATCTCCTCCTATAACAATCTCCACTGAAGTCATCAGGGAACCCTTATAATTTGACGAGGCGGGGTTTGCTTCTCTCACTGGAACTGATTTCATCGTGGCAAAGGATGAGGAATTACTACCAAAATCGAGACAGGATTTAATAGCGTTGTCGTATAACTTGGCCGTACTGCCACTAGAAAACTCGGTTTAGTAAATACTTCCTGATCCACGACCTCGCTTATCGTTTAACTCACCTGAAGATATCAAGATGGGACTGCCACGATGCTGTGTTT,Deer,0,USA
PB-027,Bovine Leukemia Virus,ACCCACTTCGGTAGTCTAGAATTAGCGCTGATACAGTGAGCTATAAACCCTAGGCAGGTGCGTTAGACATATTGAATGTCCGTCTTGCCCTTCAGAGCCCCGATGTGTAGCTTATAAGATACACTCATTACGCGGGTCTTTGAGCTCGTTGTGCACCGCGGTTGGACTGCGTTTGTATGGATGGGCTGCATACACAGACAATGGAGACGTCTTAACCACGATGTCCATTGCATGGTATTGGCGATTTGCCGGCCCACCTTTGTTTTGTTTGACAGGGCGCTCACTCTTATCGAGGTATCGATGGGTTGAGTAGGCAATGTAAATAGCGGGGCGTACTCCCTCTCTAACTGGTGGGAGCCGACCCCAGCCCGGGGTACTCTGAAGCATGAATCTCTTTCGTCGCCAAGCTGCATCGTCGGTTCGGCAGTTACAAACACCTAACCTAGTGTATACCCGCGCTACGGAAAGTGAACTCGCCACGTTCAATCCTTCTTTGGTGAGATAAACGAGACCAACGAGTCCCGCGACTAATAGAGAGCACCGATCAATACATGGTAGGAACGTGGTCCGCAGCGCGGGCTTAATGCCAAATAATTAAAGAGACTAAGTGTTGAGAAGCTATGAGCTAGTAACAATCCTCCCTAAACCTACAGAGCGCTCGGGACAAGTTATGGGACACAATAGCTGGGGTAAACGCTCGGTTTTATCACTACTATCTTAGGGAACAGTTCCTTTTCCTCTCGCTGAGTTCTAAATCCATGCTGCATTGTCCATTATTCAACAGAGAATCATCCTTACGTCTGAACCTCTATCAAGGGCCCGGCATTTTGCTACGAATCTGGTCCGGAATTGTGCCTCAGGACGGGGGTACTTGGACGGGGCGCCGATCTCCCAAAAGCCTATCATTAACACTTCATAGAGAAAACCCCTCGCTGCTCTGGCGAAGCCGGATTAATCTGACTGTCCATAGGACCTCAACTCAGATGAATGTACACGCTCA,TTAAAAGAGACACTTATCACGAGGGGCTTGGAGCTCGTTGTGCACCGCGGCTGGACTGCGTTTGTATGGATGGGCCGCTTACAAACACAATGCAGACTTCTTAACCTCGATGTCCATTGCATGGTATTGGCGCTTTGCCGGTCCACCTTTGTTTTGCTTGACAGGGCGCGCACTCACATCGAAGTCTCGATGGGTTTAGTAGGCAAGGTAAATAGCGGGGCGTACCACCTCTCTAACTGGTGGGAGCCCACCACAGCCCGGGGTACTCTGTAGCATGAGTTTTATTCGTCGCCAAGCTGCATCGTGGATTCGGCAGTTACCAATACCTCACCTAGTGTATACCCGCGCTACGAAAAGTGAACTCGCCACGTTCAATCTTTCTTTGGTGAGATAAACGAGACCAACGAGGCCCGCGCCTAAAAGAGAGCACCGATCAATCCATGGTATGAACGTGGGCCGCAGTGCGGGCTTAATGCCAAATAATTAAATTGACTAAGTGT,ATGGCGGTGAGACTGGGGCTGCATTGATCGGCTGAATAGTAGGACTAGGGGAACGCCTTCACGAGGCTGTCTAATGCATAGTATATCCGAAGTGCCGGCACACAGTTGTTTCTCTTGGCCGCGCCTTCAATTTTGTCGAGGATTCCAAGGGTTGAGTATTTAATGAACATAGGGGCGCGTACACGCCCTTTGGCAGGTGGGTGCCGACCCCGGCACGGGGCACTCTGAGGGATGAATCTTACACGTGGCCAAGCGTTATAAGCGATTCCGCAATTACAGATACCTTAGCTGGGAGATACGCGCGGAACGAAAAGAGAGCTCGGCGCGTTCAGTCTCTCAGTGGTGAGGGATACGAGAGCTATGCATCCAGCGACTAATAGAGCGCAACGATGAAAAAACGGTGGGAACGTGGTCGCCAGCGCGAGCTATATGGTAAACAGTTAAAGTGGCTCGGTTTTGAGTCGCTGTTGTCTAGCATCAACATTCTCCAAAGCTACAAA,TTTCAACTATATCCGGATGTGGTTTGTAAGCTATCCAGGATCGCTTCGAGGAGCGCATGCGTCTATTGGGCTGCGCTCCAAACCCGCACAGTGGCCGCTTATGGACCGCCCTGTGCTCTGCAGTACATTTGCTGCTATCCTGCCCAAATGTATGTTGTCCTACCGGGAGCTCACTATGCCCTATCTGTCCCAGGTTGCGCAAGGGAGCGAAAAGCGGGAGTCTTAACACCACCCGCCCTGACAAGATTCCAAATGCGGCTGGGGGCCATCGATGGATGTGGTCCCATCTATGCGAAAAGACATAGGCGGTTCCGGAGGTGTAACAACGTCATTGGGTGCAGGCGTTAATCACGGGATACGATGTACCCACTTCCCATCGGACTTTGTGGCTACAAACTTTACTAAAGAGCGCCGATACTATTTCAGCCCTATACATAGCACATATGAGTGCCGGGCCCATATGCACTGCCACACTTCCAGCTAAGGTGACAGTCTTGGAG,Cattle,0,Japan
PB-028,Avian Metapneumovirus,GCGTCCCGCCAATATAAGGACTTGTGACATTGGTCCGCGCTGCTCGGTAGAGTATTTGCGTTCGAGGCCTATTAAGACCATTCCTGATTAATCTAGGAATACATTCTTCAGGGACCAGGGAAACTTTTTTTCACGGATTTTCTTACAGAGTGGGTGTATCTTTCGGAACATTCTCCAATTGATCTAGTGTCACCCGGGACCAGCAATTAAAACGCTCCGCTATCCGGATAGCAGGTTCACTAGCGGCGAAGGCACAGTTCATCGGGTTGTGGCTCTTCATGGGAGAGGCAAGCAGACTCCTTTGGGTGACTCTGGTGTTAGTCCCCCCAAGTTGGACGCGATTGGCTCAGCTTGGGTCATGCGCGCGGGAAACAATATGCATGCCAAATCACCCAGATTCCTTATGAGTGTCTTGTCAACAGGTGTGGAAAAGTTTGCGCAAATTACAAAAGAAACAGCTGTTGTGTACAACGGGTCTATTAATTCCTCTTGGTCTGAGTGATTAGACTAGGTGGTGGATCTCAAACCACAAGCCACTGGCATACGAAATGCCCGTACCCTTTCTCTAACCGTTCGACGATGGATTCTGTTGTGATATGGCTCGGTAGGCTCCCCCGTCAGGGGTTTCAAGCGCATGCTGGCCCGGGATCGGGCCAGGTTACATACCGAACGTTGCTACTTAGTGCCATCCGGACGGATGGAATACAGCGTCAAGCATCTCGCAAATCGACATCGCCCTAGACGAGGCGTAGTATAGTATGGCTTCTGTTTCCAGGTAACATTTGGACTTTACTCTACGTTATGGCTAACCATATGCGACGCCACGCATACGATTCTGACCTAACTTTGGATAGGGTCAATATCACGGTGCACCAGAAATCCGCACGGACAGTCCTGGCCCAGTCAGTACGATACAGGCATTATAGAAATAAGATGCGTCTACAATCGGTGGTGGTCGGCCTTCTGCGCCTTCATCAGCATTACGTAGTGGGGATACTGG,TCTTTCTGAACCTTCTCCATTTGATCTATTGTCTCCCGTGAACAGGAATTAAAACGCTCCGCTATCCGGATATCAGGTTCACTAGCGGCGAAGGCGCACTTCATCGGGTTCTGGCTCCTCGTGGGAGAGGCAAGCAGACTTCTTTGGATGACTCTGGTGTTAGTCCCCCCCAGATGGACCCGATCGGCTCAGCTTGGGTCATGCGCGCTGGAAACAGCATGCATGCCAAATCTCCCAGATTCCTTATGACTGTCTTGTCAACCGGTGTGGAAAAGTTTGCGCAAATGCCAAAAGAAACAGCTGTTGTGTACAACGGGTCTATTAATTCCTTTTGGTCTGAGTGATTATACTAGGTGGTGGATCGCAAAGCCCACGCCACAGACATACGAAATCCCCGTTCCCTTTCTCTAACAGTTCGACGCTGGATTGTGTTGTGAAATGGCACGGTATGCTCCCCCGACACGGGCTTCAAGCGCACGCTGACCCGGGATCGGGCCAAG,GGGCGATGTTGGCCCCAGGTTGGACGCAATTAGTTCACCTTAAGTGCTAGTCTCGTGAAGCGTTATGCTTGCCAAAACACACGGACACCTGATGATGGTCTTGTCATCACGAGTTGAAAAGTTTGCTCCACTTACCAAATAAAGGGCTGTTGTAGATCGGGGGGCCATTAGACTCTCTTGGTTTAAGGGTTTAGACTTGGGGGTGGATCTCAAACCACAAGCCGCTGGCGTACGAGTTGCGAGTTCCATTTCTCTTTGACTTTGCCCGTGTATACAGTTCTGATTATGCTGGGGAGTCACCCCCGTGAGGGATTTCGACCGCCTGCTTGCGCTGGATTGGGCCCCGTAACAAAATGCGCGCTGCTAACAATTCCCAGCGGGACGGGCCGAATACAGCCTCCTGCATGTAGCACGTCTTCAGCGCCATCGATGAAGGCTTGTATACTATTCCTTATGTTTCAATTTATCACGTATACTTTACGCTACGTAACGGCTAACCA,CGCGCGTGCACAGTTCGCCGCAAAATTAAATATAAGATGTTGTCTAACCAACTGGGGGTCATATCTAGTCACGGTCTTAGCCGCACGAGTCAGAAGAGCAGCCCCACCTCCGATGCGGTCGCTTACTAAAGGCCGTGGACCTGGATCAAGCAATCTGATTATCAAGTCGAGAACGTGATAGCTCGGTGTGCACGGGTGTCGGGGGGCACCTGTGCCTTCGGTGGCCGCGCACGCCCGGTGTTTATACGGAACCGTGTGAGCTATTATCTCCCGCCGAGGGCCACAGCTCATCGGAGCTCATAGCATATGGATCTACCCAGAGACCACACGTTGACACGAATGTACCCTCTAGAAAGGTAACAATTGGGCTTTACTTTTCGTTGGTGCTGACAGGATTTAACCCAGCCGATGCTATTCAACCTAAGCCCGGGCCGGGTTTGACGACCCGGTTCAAAGGGAGGACGCGCGAACACCCCTCCCCCAGTCCGAGCGTTGCCTAA,Turkey,0,France
PB-029,Mareks Disease Virus,ACGCCACGGCGATCAATTTACTTGTGACATACTCTGGCTTTCAATGGTACAGTACGGGCACTCGAATTGAATAATAGCAGCTACTGATCATCTTATGAGTAAACTCTAGCCAGAAGACGGCACATTTGTTTTGCGATCTAACTTAAATGGGGGGAGAATATTTTGATACATGCTCCGATTCGGTCTGTAAAGCCCTATCAGACTAGTCCATACGTACGCTTGTCAGGATATCAGGGTAGATGGTATCGATCGAGCATATGAAGTGCCTCCGGCACTTCCAGGGGGAGGAAAAACGATGTCTCGTGGGGTCTATACTTTGCGTCGGCGTCGGCATGAGGCGCCTAGCAAACATTTTATATCGCACGCTTGCAACAAGAAGTATGCGTTACTTCTGGAATGATCCACGACGTCAATGCGACCAAATTTTGGTAAGTGAGCGTATATTCCCTAACTCAAATGTGTATCTTTCGACTGGAGTATTTACCTAGTCTGCCCTAGTGAACCCGATTCGGTTGGGTATCTTTCACGAATCGATAATGCTATAACAAAATACACCAACCTTTCATAAAGTATGCAGCTGAAACGGTGGCACAGCCGATACTGGTGTTCAGGCACCGTCCCCAGGACAAACCCGAGAGTGTCACCTTAACGGGCCTCGTCAGCGAAGGGACCTAGTTGCATAAGTCACTCCACACCTGTTTATCCGAGTGTCAGGCTGGTTTGGTCCCTTCATGGCCCGAGACGAGGTGTGGAATACTCTGGGGATCGGTACGAGGCGACTTCTGGCCTTTTGTCTACGGCAAGGTCAGTCATATGAGTAGTTCTGCTCGGAACTGAGGCTAGAGTTTAGAACTTGTCTCTCTCACGGTGCACCGACTACCCGTGCGGACGGTCCTTGGCTAAGATGTTCGGACCAATGGTTCTCCTACTAGGCTGCGTCATCAAAAGGTCATACTACTTCTCCAGAGGCGTTAGGGCAATTACGTACTGGCAAAACCTG,AGAAGACTGCTCATTTGTTTTGCGAGCTAACTTAAATGGGGGGTGAATATTTTTATACATGCTCCGATTAGGTCTTTAATGCCGTATCAGACTAGTCCATACGTACGCCTGACAGGATATTAGCGTAGATGACACCGATCGAGGGTATGAAGTGCCTCCGGCACTTCCAGGGGGAGGAAAAACGATTTCTCGAGGGGTCTATACTTTGTGTCGGCGTCGCCATGAGGGGCCTAGCAAACATTTTATAGTGCACGCTAGCAACAAGAAGTATGCGTTATGTCTGGAGTCATCCACGACGTCAATGCGACCAAATTTTGGTAAGTGAACGTATATTCCCTACCTCAAATGTTTATCCTTCGAATGGAGTATTTACGTAGTCTGCCCTAGTGGACCCGATTCGGTTGGGCATCTTTCACGAATTGATAATGCTATAACAAAATAAACAATCCTTACATAAAGTGTGCAGCTGAAACAGTGGGACAGATGGTACTGGTGTTCAT,GTTAGTTTAGCAGGAGTATTCTCCCTAACTCGAATCTGCATCTTTCGACTGATGTATGAACGTAGGCAGCCGAAGTGAATCCTATCTGGTGTGGAATCTATTACGAATCGAAAACGCTATGGCATAGTTTACGAAGCGCCCAACAAGTATGCAACTGAAAGGGTGCGATAACAGATACTGGTGTTCAGCTAGCGTCCGCGAGATATACAGGAGATTTTCTCGTAGACGGGGCTAGGGAGCCAACGGACATAGGTTCAAAAGTCCCTCTCCTGCTGTTGGTCATAGTGTCAGCCTCGTTGCGTCACTTGCTGGCCCAAGAAGAGACGTGGGCGAATCTGAAGCTCGGTACTAGGCGACTTCTTTGCTGTTGTCGTCTGCAAGGTCAGTAATATGGGAAGTTCTTGAAGGAACTGAGGCTGGAGGGTAGCATTTGTCTCCCTTAAGTTGCCACTGCTGTCCGCAAGATCGGCCCTTGCCTTAGATTTAGGGATCAATGGACC,CGTGCGTGTTTCTCTAACACCCCCGTGTCTGCTTTAACAGTCATATGAGACTAATAAATACTTACTATTGGCAGCTCGCCCCAGAGTATGAGACCGAGCTCGCGTATTGAGCGCCAGCGACAAGCTCCGGTGGAATGAACTTAATGTCCCGCCGGGTCTTCAGTTCGCAACTGATTGTAATTGAGGGGATTAGTAATTGCGTTCTCTCACACGTAAGGAACCGGAAGAAAGCGTTATTTCCTTTTCCTTCGACGACGTCAAAGCGCGCGAACTTCAGCAGGTCACCGTAAGCTTTTAAGGACTACTCTCCATCCTTCTCCCTCTTTACTTATCTAAGCTGCGGCAAGGGAAGCGTCACGGATTTGCAGGGAAAGCGGATCTACGAAATGAAGACCAGTTCATCTCCATAACGTCAAAAGATGTAACCGCGGCTGTGAAATAGGTAAAACCGGGTTTCTGCTTGACAATGCCTGACCGACCGTACTACCCCGACTCAGTAG,Chicken,0,USA
PB-030,Newcastle Disease Virus,TGTATCGTCCAAGCGTGCCTTGAACACTTCTGCATAAATGATCAGAAGTGTGGCTCCCGACCCCATCTTGCGGGCCATTATTTTCGCATCAGATACTCAAGTGGAGCAGGAAACAATACTGTATACGAGGCATGACACGATTGTACCCATACACGTTTGTCCGCCTGCCTTAACGCCTCCATAACCACTAAAATTAAGCTAATTTACTTCTGCCTGAGGGACGTCCTCCGGAAGCTGTAGTAAGAATATACAAAATCAAGATAGTACCGTATGCTCACCAAAGCGGAGTAGAGAGAATCCTTACAGCCCCGGGTATGCGGGCGGGCAGTGGCCTTTAATGCAGACCGTTGGAATAGGTTGACTAAACTAAACACCCCAGCTTGGAAAGGCCGTTTGCATAAGGTGCCCACAGGGCGACCTCGGCCGGTCCCGTGTCGTAGGGTTTCACAACTGTTCTCGATGCGAATAGGAGCCGTATCGTTTGACCCTAGTTCACTTTCCACGGCCTGGTCCTCTTACAGAAAGCAGGTTACTGCTGGACCCATGCCCTCATCAGTCCTCCATTAACCCCATGAATGAGGTGACGCTCAGCAGCCCGCGCCTACGGGGAATTAGTTCACGGCTCCGACAAAAGACATTAAGGCGGTGAAAGCATCGAAGGCTATACTAGTGTTGCGGTAAACAGAACACGTAATCACACAAAAGCATGCGGTTTAGTGACCAGGGGTTGGTTGGCGATGACTGTATTGGTTATGCTTGTCTGCGGTTATCAAAACGGTACGTCAACAACGACGCTTCGGATTTGGCGTGGTGTCAAGGGAATCTCACCGACAGCAAAATCGTGGGCGGGCGGGTACAAAGAAAGACAGATCTTGAATACGTAGCAACAGCACAGGAATCCTAGTGTACGCCACCGAGAAGGATCCCCTTCAAAGACACAAAATCCACAGTTCTCGGCCTGCAGCAGAGGGGCGTCACGACCGAGGATCCATTGAGTACC,ACTTGAACACTTCTTCGTAAATAATCAGAAGTGTTGCTCCCGACCACATCTTGCGGGCCATTATTTTCCCATAAGATACTTAAGTGGAGCAAGAAACAATAATGTATACGAGGCATGACACGAGTGTACCTATAAACGTTTGTCAGTCTGTCGGAACGCCTCCATAAGCACTAAAATTAACGGAGTTTACTTCTGCCTGAGGGACCTCCTCCGGAAGCTGTAGTAAGAATATACGAAATAAAGATGGTACCGTATGCTCCCCAAAGCGGAGTAGAGAGAATCCTTACAGCCCCAGGTATGTCGGCGGGCAGTGGCCTTTAACGCACACCGTTGGAATAGGTTGACTAAACTAATCACCCCGGCATGCAACGGCCGTTTGCATAAGGTGCCCACCAGGCGACCTCGGCCGGTCCTATGTCGTAGGGTTTCACAACCGTTCTCGAAGCAAATAGCAGCCGTATCGTTTGACCCTAGTTAACTTTCCACGGCCTTGTCCTCTG,GTGACCAGATGGCGACGAAGCTCGGCTCCTTACCGAACGCTTGCACGACTGTTCCCATTGCCAATATACGACGAATTGTTTTTCACTAGTCCACTTACGCGGGCCGGCTTTTCTTACAATTAGCGGGTTATTGCCGGACCCATGCCCTCATCATACCTCGTTCACGTCCACCAATCACATGGTGCTCTGCAGCTTGTACCTACAGGTTATTGGTTCCTGTATCGGACATAAGCCATTGAGGCGGAGAAATCATAGAATTCCGAAATAGTGGTTAAGTAATCAAAAAACGTATTACCATATACGCAGTACGTTTAGTGACCTGGGGATGTTTGGCGTTGACTGTATATGTTTTGCTTTTCTGCGGTTTTGAGTACCGTACGTTACGAACGACGAATCGGCTTGCGCGTGGTTAAAATAGAATCTGAGCGACAGCTAAATTTTGGGCGGGAGTGGATAACGTAAGGAAGATCTTAAATACTAGGCAAGAGCTCAGCAATCCT,AACTGTGGCAAGTTAAGGTGAGCGCCAGATGGAGTGAACCAGCATCACCACCGCACCCCGGAGAGGCTCTAAGGTCTGGTTGGAGACACGGCCTACGAGGCCCGACGTGTGGTGTTAGGTTTCGTCACTGCTGTCGACACATGCAGGATAAGTACCTCTCGCAGCTAGGTTTCACTTCTTGGCCTGGTGCGCTGATTCCAATGACGTGGGTCCATTCCATATACCCGAACCGGAGGTCTATCAACCTGCCCACTCGCGTGTCGCAGGTTCGCTGGCGCCAACTGGGGAGGACTACTCCCTTCCACTAAAAGCCCAGAGACACTAGGATGCGTATTCGCTACTTCTGAAGCGGTGTCCATCACAGCATGTACACTTTCGGAGGCATCTCTCGTACGAACCAGGGCGTCGGGTGCTCTTTCAGTACTCGATATGGTTTCGACCTGGAAGCGAAAAGTTACACTACATGCGACGCCTCGGTTTGTGCAGTATGCCAACGCTCA,Chicken,0,Indonesia
PB-031,Swinepox Virus,GGGTCCCGCTACTGAAGTGGGTGTTGATATTCGTACCTCGTATTTCGGACAGTCTTGGCGATAGAGGCCTAGGATGCGTTTTTTTGCTAAATCTGGGCATACCTAGTGCCGAGGCCAGTGGCACCTGGCCCTTTCCACTTAACAATGGCTTGACTAATCGAAGAGTGACGCACTTCCACTGCTCAAGTGATAACCAAGACCCGAGAGTAGAACTCCCATCACTCAGAACACCGTGGTCACTAGCTCCAGACGGAATGGGTCAAGGAGATTGGCTAATCGATGGGGCGGTCAGTTCTCGCACTAGGGTCAAAAAGAAGTTCGCAGACGAACGTAGGGCGGCTCTGGAAGGAAAGGTTAAATTTACGCATGAACCGATATGCCTAACGAAGTTCGCCGAGTTGGTATTTGCCTCAGGTTATGAGGTGCATAACAGGTTGAGAAAATTGCCAAAAGAGCCCAACTGAGTTCCAACGGGACTATGAATCGTGCCCCTTACTACTGTTCGGTCGAAAGGGTGACTTTGAAACCGAAGAAAAACGCCTATCGCAGCCCTTTGTCCGCCTTCCGCCGCGGTCGGAGAGGGGTTGCGTCGCGTTTTATTCCGCTAGACCCTAGCTTCAGATTATTCATGAGCAAGCATGTATGGTTTCCGTCCGGGTTACAGAAACAGTCTATCTACTTAATGCTTTCCGGGCGGCTAGATTGTACAGGGGTGCGTCTGATAACTAACCATAATCGGAGGACAGGCCTACGTATTAAATGCCACTTTCTCTAGCACCCGTTAGGCCTTCGCCCCCCATATACTTGCACTTTATACGAATACACTGGCGAATGTCTGACCGAATTGTGGAGGAGCTGATTTTGAAGGTGAGCGACAGGTCCTCGCTGACTCGCCTGGAGACAGCACAATCAGGGTGTCATCACGGCCTCAGGATTCATGCTACTCCCATCTAGATAGGATTTCTGAGCGAGGAGCAGCACTGCCTAGACCTTAGACTGG,AGTTGCATCGGGACTATGAATCGTGCCCCTTATTAGTGTTCGGTCGAAAGGGTGACTTTGAAACCGAAGAAAAACGCCTATAGCAGCCCTTTGTCCGCCTCCCGCCGAGGTCGGACAGGTGATGCGCCGCGTTTTACCCAGCTAGACCCTAGCTGCAGATTATTCATGAGCAAGTGTGTATGGTTTCCGTCGGGGTTACAGAAACAGTCTATCTACTTAATGCTTCCCGGGCGGCCAGATTGTACGGGGGTGCGTCTCATACCTAACAATATTCGGAGAACAGGGCTACGTATTAAATGGCACTTTCTCTAGCACCCGTTAGGGATTCGCCACCCATATGGTTGGACTTTATACGAATACACTGGCCAACGTCTGAGCGAATTGTGGAGGCGCTGAATTTGAAGGGGAGCGACAGGTCCTCGCTGACTCGCCTGGACACAGCACAGTGAGGGTGTCATCACGGTCTCAGCATTCATGCGACACCCATCGACATATGATTT,TTCGTCAAACCCTAAGAGTCCCGGGGATTGGCTAAACGATGGGGCGGCCGAATCTCGCATTAGGCTTAGACACCTGGCAGAAGACGTATGTAGGGCAGCCCTGGTCGGTAAGGTTAAATTTACGAACGAACAGACATTCCTAATGACGTTCTGCTAGGTTATAATTGGTTAAAGTAACGGGGTTCATAACGGGCGGCCAAAATTACAACAAGCGCCCGACTGAGTTCGAACGGGACCATTAATCCTGCCCCTGGCTATTGTTCGGTCGAAAGGGCTAGCTTGAAACGCTGTACCGAGGCCTATCGCAGCCCCTGGTGGGCTTTGCACCGCTATCGGAGATTGGTTACCCCGAGTGGTCATACGCAAGCCCGGAGCTTCAGATCATTCTCACGTAGGCGTTTACGGTATGGGTCCGTGGTTCAGTAACAGTCTGACTCCTAAAGGCTTTCCAGCCGGCTCCATTTTTTAGGGGTGAGTCTCGCGACTAACCATTATCAGAC,GGTTCAAAATGGCTTAACGGATCGAATATTTATCCCCTAACCTCCATGAAGTGTTGGCTAAGGTCGGCGGGGGTTGGTTCAATAGTTTACATCGCCGTGGCCCCCAGATCCAGCACGTCTCCGATATCGGGATTGGATGGCCGATGGGGCGGAGTTGTTTATCCCTAGGGCTGGAATTCTGCTGACTTCAGAACTTTGCGTCATTCCACCAGGAACATTTGGATAGACGCCTGGACCCATATCACGTGTTCATTAGGCTTCTCTGGAAAGAGTCTCAAGAGGCAAGGTACTTAATGGATGCAACACATGTGCAAGTGGATCGCGCTGACTGCCATGAATACCAGTAGCCGGGCAGCATTCAAAGGTGGGGCCGAATTCTTAACCCGCACTGCGTAGAATAACCACCTTCACCAACATCACATGGACCCCACCCCTTACGCGAGTCTAGGCGGGAGGCGTCTTCTCCCGCCCGGCTATATGTTTAGGTTGTCCTCGAGTCT,Pig,0,USA
PV-032,Bovine Rotavirus,GCCCCGGAGGGCTGTGACGTGTCAGGTTTGGGTCCAACGGATGGTCCATAAGAGAGTGTGCCTAATCTGGCCGCAGTGAGTCTTCTGAGTTCTGGTTGGCCTCCAGTATGGCTGCGGGAGTTCCTCGCCGAACTACTTGGTCGCCGGCCAGAGTGGGGCCTGTCAGTTCCTTCGACTGGTTCCGTGCCCATGAAAGAGTAATTAAGCCCTGGCTAAACGTTCAGGGGCGCTTCGTGCGGGAGACGACACGCCTGCGCAACTACCTAATACACAATGTGTTCGAGGAGGAGGGTTGGATTAGCTAAGTACATTTCGATGTTTGTGAGCACAGTTGATACGATTAAGAGAAGGCTCCATCATATTAAATAGCCAACTTGTCCCCAGGATTTTTTTCTGAGCCTATCAAGCAGGTAGACTTCGGATCGAGGACCCCCGTGAGCATTGTTACTTTCCGAGAGGTATATCGTTCGCAACGATAGTTCAATTTTTGGCTGGGACCCGATGATGTTCGCGTCCAGACGTGGCCTAGTATGATGTTCTTCCCGAATCTGATCTTTCATTGACCTCAGAATGGGTATCGGACCGAAAGGAGAGATCACTGTAGACCTTCTAACCCGGTCAGTGCTTGACAAACAGCCGATGGGCGCCTCGACTTGACCACAGATACTTAAACGATGATAAAAGCAAGAATGTATACAGAGGTATATCCTAGTTTACCGTCGTTTGTGTCGTTGTCACAACATGCTGATGAACTGTTGTGTACATAGTGGGTTTGGCGCCGCAGCAGGCGGCAATGGTTCGGCATCCCTTGCTTTCTCCCCTGTCGTATTTAAGGTAACTTAGAAATTAGGGTCCTTAAATACCAACTCCGAACATCACGAAAACGTTACTGAGCCCTACGTGTTACGCTCGTCAGATACCGGGTTCCTTTGGTATTCCTGGGCTCTAAATTCGCGAGGCTGGTGATGAAACAGCTGTGCTCGCAGCATCCGCCCGCTAA,ACCTAATCTGGCCGCGATGAGTCTTCTGAGTCCTGGTGGGCCTCCAGTATGGCTGCGGAAGTTCCTCGCCGAACTACTTAGTCGCAGCCCCGAGTGGGGCCTGTCAGTTCCTTCGACTGGTTCCGTGCCCATGGCAGAGTAATTAAGCCCTGGCTAAACGTTCAGGGGCGCGTCGTGCGCGAGACGACTCGCCTGCGCGCCCGCCTAATACTCGGTGTGTTCGAGGAGGAGGGCTGGATGATCTCAGTACGTTGCCATGTTTGTGAACTCAGTTGGTACGATTAAGAGAAGGCCCCGTGATATTCCCTAACCAACTTGTCCCCAGGATTTTTTACTGATCCTATCAAGTAGGTAGGCTTCGGATCGAGGACCCCCGTGAGCATTGTTACTTTCCGAGAGGTATATCGTTCGCAACGATAGTTCAATTATTGGCTGGGACCCGATGAGGTTCGCGTCCAAACATGACCTAGGATGATGTGCTTCCCGAATCTGATCTTTCA,TCTTAGGTACATCCGATTGTCCATAAAAGGGTGTGCGTACTTCGACCTCAAAGAGTCCATTCAATACGGATGGGATTCAAGTGAAGCTCCGTGAGATACGCGCCGAGTGCCTTGGTCGGCGGCAAGTGTAGGGCGTGTCACAACCTTCGGAGCGTTCCCCGCCGATAAAAGATTAATCAAGCGCTGGGTGGATGTTCATTGGCGCGTCGAGCCGGCGACTACAAGGGTGCGAACCTACCAACTATACACTGTGTTCTAGACCGAGGGTCGGTTTCGATAGTTACATGTCGATGTGTGTGAGCACAGTTGATACGATTAAGAAAAGGCGCGATCAGTATTACAACACAAGTTGTTCCGAGTATTTGTGTCTGATATTAGAAGGCAGGTACACTTTGGATCGAGGATGACGCTTATCACCGTTGCTGTGCGAGCAATCTATCATGCACACCGAGAGTTCAACCTGTAGCTGTAACCCGAATATGCTCGCGACCAAACGTGAC,GTTCAGAAGGCGAAGTTTATTGCTCTCCAGAACGTTAAGATTGATAAGTGCGTCCCACTAGTTCTTCTGTCGATCAGAGCACGAGCAAGAAGCCAAGTTAGCTACAGGGCTCTCAACGTCCTAAGTATTTATATCGAAAGGTAAAGAATATTCACTTTATAAGTCCGAACTAGATGCCATTGTGACTTACCGATTAGGATCGCCTCGCCATGGTCACCGCCCCTTATATGCGTTTAGACCCAACGCGCGGTCCAAAGGGCGAGTCGAGACTACCCTCGTTATTATCGTGGAAACCACAGTCTGATGTGCCGTAGTCTCTAGGCTTTGTTGGTCATATTAGTGGACGCCCAGCACTACGTGGGTACTGCTTTCCTGAATCTTGTCGTTGATTCCAAGTAGCGGCTAGGGTCAGTAAATTCCTACCCCCTAAAACATGAGCAAAATCCTGTCTCCACCTCTTTTGGATACGGATCTAGCGGGGGTCTATGGTCGGCCGGGGA,Cattle,0,USA
PB-033,Canine Adenovirus,GGTATTAACCATGCGTGCTTTCAACACTTCTAGATGACGGTTCTGAAGAGTGGCACGCCTACGCCTCTTGCTTACGATTTTTTGCGCGTCAGAGACCTAAGTGGAGCAGGACACAAAACTGTATGGTACGCATGCTCTCACTATGCCCTTGCACCTACTTCCGCCTGGCCTCGCGCCCCAATAAACACTAGACTGACGCTGGCTTTCTTCTGCCTGCGGTAGATGCACCGGAGGGTGTAGTCAAACCATACTTAGACAAGAGAGTATGTTATGGTCACCAGAGCATATCAGCCATATTCTCTTCATGCCAGGGTGTGCGGGCGCGATGTGCGCATCAACACAGACCGTTCCGACAGATGGACATAAACAAACCTCCGAGCCTGGAAACGCAGATCCGGTCAGATTCTCGCACGGCTCGTTCGTCCGGCCCAAGGTCAGAGTCTTGTGCTTATGGGGTCCACGCGAATCGGAGAATGCTCGTGTGACCCAAATTCACTTTGTGCGAAATTGATCTCTTACACCATGCAGGCCACTACTGTGCACATCTCCTCTTGAACACACCATGAAGTGCCAAAAGGAGGCTATTCTCTGCATCCGCCTACTTCGGGGAATGAGATAACGGTGGCTGAAAAAGACATTAGCGCGGTGACAGCAACGCAGGATGTAATAGTTTTCACGAAAGAAATGAACGTAATCACAGTAAAGCTTGCGGGTTAGTGACCAGTCGGTGGTTGGCAATGTAGGCGTTGGTTGATTTTGTTAACGAGTGCCTAAAGGGTACAGCAACATGCACGCGTCGAATGTCTGGCATCGTCAAGTGCACCTCTCGGCCAGCCCACTCGTGGGAGGTCTGCTATAATTAGGGATAAGGCGTCACTATTGAGCAGAACCAGATGATTCCTAGCGTACGACACGGAGATGGAAGTCATACCAACAACATTAAACCAGAGCTCTCGGACTCCCACAGAGTTCAGTCACGAGCGAGTTAGCATCGAGGCCC,GTAGATGCACCGGAGGGTGTAGTCAAACCATACTTCGGCATGAGAGTTTGTTACGGTCATCAATGCATATCAGCCATATTCTCTTCATGCCAGGGTGCCCGGGCGCGATGTGCGCATCAACACAGAGAGTTCCCACAGATGGCCATAAACAAGCCTCCCAGCCTGGAAAGGCATATCCGGGCAGATTCTCACACGGCTCGTTCGTCCGGCCCAAGGGCAGAGTCTTGTGCTTATGGGGACCTCGCAAATCGGAGAATGTTCGTGTGACCCAAATTCACTTTGTGCGAAATTCATCTCTTACACAATGCAGCCCACTAGTGTCCACAGCTCCTATTGAACAGACCATGAAGGGTCAAAAGGAGGTTATTCTCTGAATCCGCCTACTTGGGCGAATGAGATAACGATGGCTGAAAAAGACATTAGTGCGGTGACAGCAACGCACGATGTGATAGTTTGCACGAGGGAAATCAACGTAATTACATTAAAGCTTGCGAGTTAGT,ACGTTCTCTGCACAACAGGCGGCGGAGTACCGATGCCCGCATTTACAAAGACCGTTCGGACAGATCGATATGAAGAGATCTCCCCGCGTGGAAACCCAGTTCGGGTCAGCGTGTTGCAAATCTCGTTCGTACGGCCCAACGTCTGCGTCTACTACTTTCGGGGAGAACGCAAATGGGCGTATGCTGCTCTGACTAAAACTCATTATGTGCGGAACTCATCTCCTACACCATGCACGCCAGTACTGTCCACACCTCCTTTTGAAGACAGCATGAAATGCTACAGGCAGGATATTCTCTGCATGCGCACACCCAGGGGAATGAGCTCAAGTTAGAGTATAGACAAATTAGGGCCTTCACCGCCACGCATGTTGTTATCGATTCCACCCCAGAGGTGAACCCAAAAACAGGAAAGGGTGCGCCGTTGTAACCAGCGTGTAGTTGGCAAAACGCTCGTTGGTCTATGTTGTTAACGTGTCCCTCAAAGGTCCCGAAACCAGCCC,TGGGCTTGCTCCCCCTGAGGCATCGCGACTATTTCTGGTAGGACTAGGCCACGAAACATCCTTGGAGATACGCTGGTTGCCTTTGCCACGTGATAAAGTCTGCCGAGTGTTTTGCTGTTTGACACTGTGTGTACTAGTTATAATCCGTCCAGCAGATGCCCTCCGTCACGGAGACTTCCAGCTCAGGTACGGCAATGCCAGTTAAGCTTTAACTGTGAAGATTGAGAACTGCCTTCAGGAGCAAGGCAGCGGACCTGCAATCAGATGTACGGAGCGTTCGTTTCACGGGTTAGTGGACCAGCACATGTTAAGGGTCTTGGGGGGTTTCTGTGCTCCTTCATCTTCTAATCTTCGTGTGAAGCAAAGCATATATATGCGCGTTCTATCTCTTTACCCGAGGACCCGATAGCTCAGCTTATCTGTTCTTGAATACCACATGTAGTATCCAGGCGACGCCTTAGTTATAAGATACCTACGAAGTTCTGTACGCAAGCTGTGCC,Dog,0,USA
PV-034,Equine Influenza Virus,GGGCATGTCCAAGGGTTGTTTCATCACGTCTAGCCCAAGGATATGAAGAGTGGCACCCTATCCGAACTTGCCTTCCATCTTTTGCACATGAAAGACGCAACTTGAACTGGAATCAAAATGTTATACGAGGGATGCTTCGATGGTGGCCTTACACCTACATCGACCTGGCCTGTCGCCCCAACAAACACTAAAATGAAGCTATACGTCGTCTGCCCGCCGGGAGTCTTCCGGCAGTCGTAGTCAGACTATACCGATTCAAGACCGTGTCGTATGCTCACCGTTGCACTTGTCCGACGTTCCATTAATGCGCGGTTGTGCGTGCCGGATGTGCGCATTAACGCAGACCGTGGCGATAGATGGACTAAACTAAACATCGGAGTGTGGAAACGCCGACCGCGGTAAAGACACACTAGTCGTCCACGGCCGGTCCGATGTCGGAGGGTTGCACTTATGGGGTTGCTGCGAAACGGAGAAGTATCGAGGGACGCTCATTCACTTTGCGGTAACTTGACCTCTTACAGCAGGCAGGCTACTCCTGTGCCAAATCCCTTATTGCTCCTTCATGAACTCCCGGGAGGAAGCGAGTCTCTGCAGCCGCCACATTCTTGGTATGAGCTCACCGCGTCTACAAAAGACATTTACGAAGTGAAAGGAACGATAGATATAATTATTTTGACGTAGAGAATGAACGTAGTCACACTACAGCCTGCGATTTAGTGTCCAGTCAGGGGGTTGCGTAGTCGGTATTACTTGTTTTTGTTTACGAGTGTGAATAAGGGAAATCAAGAACAACTCGTGGAACTTCGCGCGCTGTCAGGGGGTTCTATCTGTCAGCAGGCTCGTGGGCGGGCGGGCACAATGAGGGATATGGCGTGAATACGTCGCAACACCAGACTAATCCATATCTACGCCACTGTGATCGGACTCACACCAACGAAAATAGACCAGAGTTCTACACCTCCAACATTGTTCAGGCCCGAGCGAGGCAAAGTTGACGCCG,GTTTCATCACGTCTAGCCCAAGGTTATGAACAGTGGCACCATATCCGAACTAGCCATGCAACCTTTGCACATGAAAGACGCAACTTGAGCTGGGATCAAAATTTTATGCGAGGTATACTTCGATGGTGGCCTTACCCCTACTTCGACCTGGCCGGTCGCCCCCACAAACACTAAAGTGCAGATATACGTCGTCTACCCGGCGGGAGTCTTCCGGCAGTCGTAGTCAGACAATACCGATTCAATACCGTGTCGTAAGCTTACCGTTGCACTTGTCCGACCTTCCATTAATGCGCGGTTGTGCGTGCCGGATGTGCGCATGAACGTGGACCTTGGCGATAGATGGACTACACTAAACATCGGAGTGTGGAAACGCCGACCGCAGTAAAGAGACGCTAGTCGTCCACGGCCAGTCCGATTTCGGAGGGTGGCACCTCTGTGGTTGATGCGAAACGGAGACATATCGACGGACGGTCGTTCGCGTTGCGGTAACTTGACCTCTT,AAAGTGGCGGCTGGAACCGGTTTGGTACCGTTGTACGTGGTAAGCTTCGGGTATGTCGGTAGACCTCCATCGGGCAGGCTTGACGGCCAATCAGTCGCTAAACTGAAGCTATACCTGGTCTACCCGCAGGGAGCCTTCAGACAGTTAGAGACAGACGATATCTGTTCTCTCCCGTGTCGTGTTCTCGCAATTGCAATTGGCGCACGTCCCGTTTATCCGGGATGGTAAGTGCCGGATGTCTGAATTAACGCAAACCGCGGCGATAGATGGACCCAACGACCCCTCGGGGTGAGGAAACGCGGACCGCGGGAAAGGCACACAGGTGGTAAACAGCCGGTCCCCTTTCAGAGGGATTCACATATCACGCTGCAGTGACTGGGAGAACTATAAGGGAACGCCGATGCGCGAGGCTGGATATTGACCTCTTACCGGAGACGGCCTACTCATGTGGCAAGCCCCTTACGTCTCCTACGTCAACTATCTGGAGGAAGCCAGTAGCT,AAGATGTCGAGAGAAGCCAGGCGGATCACTGCATTGACTTTTACGTCGTACGCGAGCGGTCCGCTCTTGGACGGGTCCTTCAGTGATAGTGACCGGGCATTGAGAGGTATCGTAATAGACTCAATCCATGCGCGGGCGTTTGAACAACGCGACGAGGCCAATGACCCTTCTGGCCACTCCCTGACACCTACGCCATGAGCGCACGAAACGAAGACTGGTTCCCAAACAGACAGATTGGTCCAATGGGCTCAGATCGGCTTGCAAATGGGATTATGGTTTGACAGCAAAAAATGTTTTATCGCTTTTGCAGCAGAGAATTTTCGCGGTCTGCTGAAGACTGGCGCTCTCGGGGGCCTCCGATGCGCCGGTTAGTAAATATAGGGAGTTCTCCAAAACCACGACCCTACAGTAAAACCTTGCACTACTCGCGGAATGCCGGTCTGTTTGAGTGAGTTCTGACTTTGCACGGTTTTGTCGGGGCAAGTGCACGCATTCGGGAT,Horse,0,USA
PB-035,Transmissible Gastroenteritis Virus,CCAGGGCTCGAGTACCGGAATGTTCAGATAAGACACCATCTGATCCAATACTGCCTCTGTCATAATTCCCATACGGTGATGTTAGTGATACAAAGGCGAGATGGCATGACGAAGTGTCAGTCGGCATCAACATAAATATAGACTGTCGCATCAAAAAAGTAATGTATCGTAGACCCACCCGTTTGTAGTCTGCCAACGTGAAACCCTATAACGGCAACCCCTGCCAGTGAACCTGGGAAAAGGATCAGTTGTAAAGAAATACACTATTAGTGCACAGCTCGAATTTATCTCGCTAATAACATGTACGTCTAGTAAAAGCACTACTGACCTAGTTACCTATTTACATTATGCGGATCCATCGGTTAAAGCGCCCGGTGCGGCTAGCTAGCTCATGCAGCCCGACACCCCAGAAACAGTCTCACTAAACTAACAGGGAGGGATTCCAGGCGCACGCGTGCTTTCGTGCCCACTTGCGCGGTCCTCCCCATATATTCAGCATGAATCCGGATTACTAGTTCCGAGGGAGTCGAAGGATTTGCACACGCTTGGGCATTTATCCGCTGCGGGCCGTTGATATCCTCGTCGAACGGCGACACAGTAGGCTGTCTAGGACCTACCAACGGAAAAATAAAGCAGTCTGCGCCTTGCAGCTTATAGGTGATCAAGTGACGAAGAGCATGCCAGTCAGAAGCTAGGCGGCGCTGGTAAGCAGAGAGGATCGACGCAGCCTGCAAATTATTGTAACGTATATAACTGACCGGTGATTGCAGCAAAGTAGATTAGCGCGCGTAGTAGAGTCACCTACCTGGGACTCCACAGAACGTGCTAGCACGTCGATAAGTACACGACGCCGTTTCCAAGATCAGTGGCGAGCTCCACGCATCTTCTTAATTTTTTTCGCGATAGCACCAAAACGTCTTGGCCAACCCTTCTACGTGTCTACCTTGTTTGGGGTCCACATGGTACCCTTCGGCGCCTATGGACGGATGAGTCTCCGAAC,AAGGATCAGTTGTAAAGAAATACACTCTTAGTGCACAGCCGGATTTTATCTCCCTAATAACATTCACGTCTAATAGAAGCACTACTGACCTAGTTACCTATTTACAATGTGCCGATCCATCACTTAAAGCGCCCGTGGCGGCTAGCTGGCTCAAGCAGCCCGAAACCCCAGAAGCAGTCACACCAAACTATCAGGGAGGGATTCCAGGCGCACGCGTGCTTTCTTGCCCACTTGCGCGGTCCGCCCCATATAGTCAGCATGAATCCGGATTAATAGTTCCGAGCGAATCGCTGGAATTCCACACGCTAGGGCATTTATCCTCTGCGGGCCGTTGATCTCCTCGAAGAAAGGCGACACAGTAGGCTCTCTAGGAACTACCAAAGGAAAAATAAAGCGGTCTGCGCCTTGCAGCTTATAGGTGATCAAGTGACGAAGAGCATGCCAGTCGGAAGCTCGGCGCCGCTGGTAACCAGAGAGGTTCGACGCCGACTGCAAATTAT,GGGCAACAGAACATTTGTCAAGATCTAAAGTACTAATGCACATATCGACTTTATCTCGCTACTAACATGAACCTAAAGCAATAGCTCCACTGGACTATTTACGTAATTGGTATCTGCGGGTACATTGGGGAAAACCCCCAGAGCAGCTACCTATCTCTTGCTGCGTGACAGACCACAAACAGCCTACCTATACTAACAGGGAGGGAATCCAAACGAACGCCCGCACGCAGGCCCATCAGCGCGCTGGTCCGTATTTATTCTTACCGACTCCGGTTTACTGGTTCCGAGGATGTCGGAGGATTTGCACACACTAGAGAATTTTTCCACTGCGGGCCCCGGTTGTCCGCCTCGAAGGGAGCCACTGAAGGTTGTGTAGAAACTTCCATAGGAGACACTAAGCCCTATGAACCTTGCAGCCAATAGGTAATCACGTGCTCAAGTGCATCCCCGTCAGACTCGTGCGTTCGCTGATTAACATACAGGTTAGACGTAGCCTTGAA,GCTGTCCGATAGGCCGAACCTGGTGTTAAACTATTGTACGACCAGCTTCCGGCTTGACTGATCAGTGGCATTGACAATCGATATAAACTGTCTAAACGACCAACCTGCGTAAAGTCCACTCTTTGTGATTGAATCTGGTACGGTCCAAACCCAGAGCGTCAACCACTGCGATCGATCGTTCGGACAGGCTGAGGGAGAATGAACTGCCATAAAAGTGTGTCTTCCGATCTGTTTTCCCTGATGAGAGATATTAAAAGGCGAAGTCTTCCTGTTACCTGTGCCTGCCTTCCTTATTCGCATTTATCCGTACACGCGCCCTGTTTGCATAGCCTCATCCCGCAGTTGTACACTAGAGATACATTCGAGCACACCGAGGTGGACGAAAATACAATGGCACGAGTGCTTAAAGCCACATGCGTACTGCCACCCAGAGATATCCAGCGTGGAGTTACCTTTCGCGCCTGGTACCTGATGGAGGCTTGGCTCACTTTGCGCAATGT,Pig,0,USA
